{
  "type": "FeatureCollection",
  "features": [
    {
      "type": "Feature",
      "id": 948694,
      "geometry": {
        "type": "Polygon",
        "coordinates": [
          [
            [
              88.96709633299997,
              22.192634499999997
            ],
            [
              88.96075300000001,
              22.190731500000027
            ],
            [
              88.9502865,
              22.190731500000027
            ],
            [
              88.943626,
              22.193585999999982
            ],
            [
              88.9464805,
              22.185973999999987
            ],
            [
              88.943626,
              22.184071000000017
            ],
            [
              88.93982,
              22.18216799999999
            ],
            [
              88.93506250000002,
              22.178361999999993
            ],
            [
              88.92649899999998,
              22.178361999999993
            ],
            [
              88.92364450000002,
              22.170749999999998
            ],
            [
              88.92079000000001,
              22.165040999999974
            ],
            [
              88.90746899999999,
              22.169798500000013
            ],
            [
              88.90746899999999,
              22.170749999999998
            ],
            [
              88.90271150000001,
              22.171701499999983
            ],
            [
              88.896051,
              22.168847000000028
            ],
            [
              88.896051,
              22.163138000000004
            ],
            [
              88.90746899999999,
              22.153622999999982
            ],
            [
              88.9103235,
              22.141253500000005
            ],
            [
              88.9103235,
              22.13554449999998
            ],
            [
              88.9141295,
              22.129835500000013
            ],
            [
              88.928402,
              22.119369000000006
            ],
            [
              88.93125650000002,
              22.1089025
            ],
            [
              88.92745050000002,
              22.097484500000007
            ],
            [
              88.92079000000001,
              22.085114999999973
            ],
            [
              88.9103235,
              22.085114999999973
            ],
            [
              88.90746899999999,
              22.088921000000028
            ],
            [
              88.89414799999997,
              22.091775499999983
            ],
            [
              88.8817785,
              22.088921000000028
            ],
            [
              88.87131199999999,
              22.090823999999998
            ],
            [
              88.86274850000001,
              22.098435999999992
            ],
            [
              88.85703949999998,
              22.104145000000017
            ],
            [
              88.85323349999999,
              22.114611500000024
            ],
            [
              88.85133050000002,
              22.12032049999999
            ],
            [
              88.84657299999998,
              22.12412649999999
            ],
            [
              88.84086400000001,
              22.126981
            ],
            [
              88.83134899999999,
              22.126981
            ],
            [
              88.819931,
              22.126029500000016
            ],
            [
              88.812319,
              22.128884000000028
            ],
            [
              88.80470700000001,
              22.126029500000016
            ],
            [
              88.80470700000001,
              22.116514499999994
            ],
            [
              88.79994950000003,
              22.11365999999998
            ],
            [
              88.78853149999998,
              22.1089025
            ],
            [
              88.783774,
              22.105096500000002
            ],
            [
              88.78187100000002,
              22.097484500000007
            ],
            [
              88.78091949999998,
              22.090823999999998
            ],
            [
              88.776162,
              22.087018
            ],
            [
              88.76474400000001,
              22.08416349999999
            ],
            [
              88.7580835,
              22.07845450000002
            ],
            [
              88.7542775,
              22.0689395
            ],
            [
              88.74856849999998,
              22.064182000000017
            ],
            [
              88.74952000000002,
              22.048006499999985
            ],
            [
              88.75618050000003,
              22.03563700000001
            ],
            [
              88.76093800000001,
              22.021364500000004
            ],
            [
              88.7580835,
              22.006140500000015
            ],
            [
              88.75332600000002,
              21.995674000000008
            ],
            [
              88.74856849999998,
              21.984256000000016
            ],
            [
              88.73524750000001,
              21.98045000000002
            ],
            [
              88.72573249999999,
              21.978546999999992
            ],
            [
              88.72287799999998,
              21.946195999999986
            ],
            [
              88.72287799999998,
              21.93858399999999
            ],
            [
              88.72097500000001,
              21.932875000000024
            ],
            [
              88.71621750000003,
              21.924311499999988
            ],
            [
              88.71621750000003,
              21.910990500000025
            ],
            [
              88.72097500000001,
              21.910038999999983
            ],
            [
              88.72668399999998,
              21.903378499999974
            ],
            [
              88.732393,
              21.901475500000004
            ],
            [
              88.740005,
              21.899572499999977
            ],
            [
              88.7466655,
              21.89576649999998
            ],
            [
              88.74952000000002,
              21.89005750000001
            ],
            [
              88.75618050000003,
              21.887203
            ],
            [
              88.7580835,
              21.88054249999999
            ],
            [
              88.77140450000002,
              21.877687999999978
            ],
            [
              88.77330749999999,
              21.869124499999998
            ],
            [
              88.779968,
              21.861512500000003
            ],
            [
              88.779968,
              21.85580349999998
            ],
            [
              88.772356,
              21.85390050000001
            ],
            [
              88.77140450000002,
              21.84057949999999
            ],
            [
              88.77901650000001,
              21.842482500000017
            ],
            [
              88.78948300000002,
              21.842482500000017
            ],
            [
              88.8018525,
              21.841530999999975
            ],
            [
              88.81802800000003,
              21.84724
            ],
            [
              88.8303975,
              21.842482500000017
            ],
            [
              88.83230049999997,
              21.835822000000007
            ],
            [
              88.83230049999997,
              21.823452499999973
            ],
            [
              88.83610650000003,
              21.804422499999987
            ],
            [
              88.83230049999997,
              21.79205300000001
            ],
            [
              88.8303975,
              21.783489499999973
            ],
            [
              88.8303975,
              21.77682900000002
            ],
            [
              88.83991250000003,
              21.77397450000001
            ],
            [
              88.852282,
              21.774925999999994
            ],
            [
              88.86084549999998,
              21.771119999999996
            ],
            [
              88.8703605,
              21.765410999999972
            ],
            [
              88.8741665,
              21.756847499999992
            ],
            [
              88.87892399999998,
              21.7454295
            ],
            [
              88.91888699999998,
              21.72544799999997
            ],
            [
              88.9255475,
              21.731156999999996
            ],
            [
              88.92745050000002,
              21.746380999999985
            ],
            [
              88.92459600000001,
              21.75875050000002
            ],
            [
              88.93030499999998,
              21.764459499999987
            ],
            [
              88.94077149999998,
              21.76065349999999
            ],
            [
              88.94743199999999,
              21.75875050000002
            ],
            [
              88.95884999999998,
              21.755896000000007
            ],
            [
              88.96360750000002,
              21.753041499999995
            ],
            [
              88.96741350000002,
              21.7454295
            ],
            [
              88.97026799999998,
              21.73591449999998
            ],
            [
              88.97883150000001,
              21.744478000000015
            ],
            [
              88.98549200000002,
              21.747332500000027
            ],
            [
              88.98929800000002,
              21.740672000000018
            ],
            [
              88.97883150000001,
              21.73686600000002
            ],
            [
              88.97883150000001,
              21.731156999999996
            ],
            [
              88.99120099999999,
              21.724496499999987
            ],
            [
              89.00261899999998,
              21.71878750000002
            ],
            [
              89.01023099999998,
              21.715933000000007
            ],
            [
              89.01784300000003,
              21.71878750000002
            ],
            [
              89.02830949999998,
              21.71878750000002
            ],
            [
              89.04258199999998,
              21.722593500000016
            ],
            [
              89.059709,
              21.726399500000014
            ],
            [
              89.05780600000003,
              21.73210849999998
            ],
            [
              89.05019399999998,
              21.73876899999999
            ],
            [
              89.0416305,
              21.7454295
            ],
            [
              89.03211549999997,
              21.755896000000007
            ],
            [
              89.02830949999998,
              21.769217000000026
            ],
            [
              89.02450349999998,
              21.774925999999994
            ],
            [
              89.02450349999998,
              21.787295500000027
            ],
            [
              89.023552,
              21.799665000000005
            ],
            [
              89.02545500000002,
              21.809180000000026
            ],
            [
              89.02926100000002,
              21.826306999999986
            ],
            [
              89.03306700000002,
              21.839628000000005
            ],
            [
              89.0340185,
              21.852949000000024
            ],
            [
              89.0340185,
              21.86056100000002
            ],
            [
              89.0302125,
              21.869124499999998
            ],
            [
              89.02450349999998,
              21.874833500000022
            ],
            [
              89.01689149999999,
              21.883397000000002
            ],
            [
              89.01498850000002,
              21.891008999999997
            ],
            [
              89.01784300000003,
              21.901475500000004
            ],
            [
              89.02069749999998,
              21.910990500000025
            ],
            [
              89.023552,
              21.916699499999993
            ],
            [
              89.02735799999999,
              21.923360000000002
            ],
            [
              89.03306700000002,
              21.925262999999973
            ],
            [
              89.01879450000001,
              21.93382650000001
            ],
            [
              89.01118250000002,
              21.94048700000002
            ],
            [
              89.0016675,
              21.94714750000003
            ],
            [
              89.00071600000001,
              21.955711000000008
            ],
            [
              89.0054735,
              21.964274499999988
            ],
            [
              89.01023099999998,
              21.969032000000027
            ],
            [
              89.01498850000002,
              21.972838000000024
            ],
            [
              89.01689149999999,
              21.98045000000002
            ],
            [
              89.012134,
              21.9852075
            ],
            [
              89.0054735,
              21.98235299999999
            ],
            [
              89.00071600000001,
              21.977595500000007
            ],
            [
              88.99500699999999,
              21.97378950000001
            ],
            [
              88.99310400000002,
              21.98045000000002
            ],
            [
              88.98929800000002,
              21.9852075
            ],
            [
              88.98168600000002,
              21.988062000000014
            ],
            [
              88.97788000000003,
              21.989964999999984
            ],
            [
              88.97883150000001,
              21.99377099999998
            ],
            [
              88.98073449999998,
              21.99852850000002
            ],
            [
              88.97788000000003,
              22.007092
            ],
            [
              88.97312249999999,
              22.010897999999997
            ],
            [
              88.97121950000002,
              22.012801000000024
            ],
            [
              88.979783,
              22.029927999999984
            ],
            [
              88.98168600000002,
              22.03753999999998
            ],
            [
              88.98168600000002,
              22.04039449999999
            ],
            [
              88.97502550000002,
              22.044200499999988
            ],
            [
              88.97026799999998,
              22.046103500000015
            ],
            [
              88.96455900000001,
              22.049909500000012
            ],
            [
              88.96646199999998,
              22.054666999999995
            ],
            [
              88.968365,
              22.06227899999999
            ],
            [
              88.97026799999998,
              22.067036499999972
            ],
            [
              88.972171,
              22.079406000000006
            ],
            [
              88.97883150000001,
              22.091775499999983
            ],
            [
              88.98168600000002,
              22.099387499999978
            ],
            [
              88.98739499999999,
              22.109853999999984
            ],
            [
              88.99120099999999,
              22.121271999999976
            ],
            [
              88.99310400000002,
              22.132690000000025
            ],
            [
              88.9940555,
              22.143156499999975
            ],
            [
              88.9940555,
              22.146010999999987
            ],
            [
              88.98867272899997,
              22.153188028999978
            ],
            [
              88.98263750000001,
              22.154574500000024
            ],
            [
              88.979783,
              22.159332000000006
            ],
            [
              88.97312249999999,
              22.165992500000016
            ],
            [
              88.97026799999998,
              22.176459000000023
            ],
            [
              88.96741350000002,
              22.187877000000015
            ],
            [
              88.96709633299997,
              22.192634499999997
            ]
          ]
        ]
      },
      "properties": {
        "objectid": 948694,
        "site_id": 14177,
        "site_pid": "14177",
        "site_type": "PA",
        "name_eng": "Sundarbans National Park",
        "name": "Parc national des Sundarbans",
        "desig": "World Heritage Site (natural or mixed)",
        "desig_eng": "World Heritage Site (natural or mixed)",
        "desig_type": "International",
        "iucn_cat": "Not Applicable",
        "int_crit": "(ix);(x)",
        "realm": "Coastal",
        "rep_m_area": 0,
        "gis_m_area": 241.59568321999998,
        "rep_area": 1330.1,
        "gis_area": 1038.34317659,
        "no_take": "Not Reported",
        "no_tk_area": 0,
        "status": "Inscribed",
        "status_yr": 1987,
        "gov_type": "Not Reported",
        "verif": "State Verified",
        "inlnd_wtrs": "Not Reported",
        "own_type": "Not Reported",
        "mang_auth": "Not Reported",
        "mang_plan": "Not Reported",
        "cons_obj": "Not Applicable",
        "supp_info": "Not Applicable",
        "metadataid": 946,
        "prnt_iso3": "IND",
        "iso3": "IND",
        "govsubtype": "Not Applicable",
        "ownsubtype": "Not Applicable",
        "oecm_asmt": "Not Applicable",
        "st_area(shape)": 0.09077224622285605,
        "st_length(shape)": 1.7786889087936337
      }
    },
    {
      "type": "Feature",
      "id": 957620,
      "geometry": {
        "type": "Polygon",
        "coordinates": [
          [
            [
              85.1893,
              19.47007000000002
            ],
            [
              85.23408999999998,
              19.502850000000024
            ],
            [
              85.29494,
              19.544359999999983
            ],
            [
              85.34388999999999,
              19.57510000000002
            ],
            [
              85.37288999999998,
              19.594400000000007
            ],
            [
              85.42982999999998,
              19.623350000000016
            ],
            [
              85.49540000000002,
              19.65048999999999
            ],
            [
              85.55786,
              19.682900000000018
            ],
            [
              85.59163000000001,
              19.71339999999998
            ],
            [
              85.53159,
              19.72381999999999
            ],
            [
              85.59523000000002,
              19.756579999999985
            ],
            [
              85.61131,
              19.789379999999994
            ],
            [
              85.59091000000001,
              19.81799000000001
            ],
            [
              85.59955000000002,
              19.87002000000001
            ],
            [
              85.60093,
              19.92649
            ],
            [
              85.56252,
              19.928020000000004
            ],
            [
              85.53093999999999,
              19.94461000000001
            ],
            [
              85.49158,
              19.92014999999998
            ],
            [
              85.4513,
              19.91271999999998
            ],
            [
              85.42845999999997,
              19.885310000000004
            ],
            [
              85.39981,
              19.855669999999975
            ],
            [
              85.36739,
              19.839159999999993
            ],
            [
              85.33897999999999,
              19.806519999999978
            ],
            [
              85.30225999999999,
              19.795999999999992
            ],
            [
              85.26792999999998,
              19.78017
            ],
            [
              85.23205999999999,
              19.75216999999998
            ],
            [
              85.20731,
              19.71787999999998
            ],
            [
              85.20994999999999,
              19.67903000000001
            ],
            [
              85.17854000099999,
              19.660630000000026
            ],
            [
              85.18313999999998,
              19.62659000000002
            ],
            [
              85.15057000000002,
              19.611649999999997
            ],
            [
              85.15165999999999,
              19.576739999999972
            ],
            [
              85.13123999999999,
              19.54858999999999
            ],
            [
              85.11937999999998,
              19.477649999999983
            ],
            [
              85.14228000000003,
              19.451819999999998
            ],
            [
              85.1893,
              19.47007000000002
            ]
          ]
        ]
      },
      "properties": {
        "objectid": 957620,
        "site_id": 68005,
        "site_pid": "68005",
        "site_type": "PA",
        "name_eng": "Chilika Lake",
        "name": "Chilika Lake",
        "desig": "Wetland of International Importance (Ramsar Site)",
        "desig_eng": "Wetland of International Importance (Ramsar Site)",
        "desig_type": "International",
        "iucn_cat": "Not Reported",
        "int_crit": "Not Reported",
        "realm": "Coastal",
        "rep_m_area": 0,
        "gis_m_area": 738.5589370499999,
        "rep_area": 1165,
        "gis_area": 1277.75746488,
        "no_take": "Not Reported",
        "no_tk_area": 0,
        "status": "Designated",
        "status_yr": 1981,
        "gov_type": "Not Reported",
        "verif": "State Verified",
        "inlnd_wtrs": "Not Reported",
        "own_type": "Not Reported",
        "mang_auth": "Not Reported",
        "mang_plan": "Management plan is implented and available",
        "cons_obj": "Not Applicable",
        "supp_info": "Not Applicable",
        "metadataid": 1856,
        "prnt_iso3": "IND",
        "iso3": "IND",
        "govsubtype": "Not Applicable",
        "ownsubtype": "Not Applicable",
        "oecm_asmt": "Not Applicable",
        "st_area(shape)": 0.11009891222378,
        "st_length(shape)": 1.6398009121069466
      }
    },
    {
      "type": "Feature",
      "id": 1252472,
      "geometry": {
        "type": "Polygon",
        "coordinates": [
          [
            [
              88.18853019699998,
              21.423477131000027
            ],
            [
              88.22673258100002,
              21.477924642999994
            ],
            [
              88.28225333799998,
              21.516789173000006
            ],
            [
              88.38377700799998,
              21.549308473999986
            ],
            [
              88.481334909,
              21.492201410000007
            ],
            [
              88.59713534500003,
              21.512823405000006
            ],
            [
              88.691520631,
              21.534238554000012
            ],
            [
              88.77876753499999,
              21.508064483
            ],
            [
              88.85253082600002,
              21.493787716999975
            ],
            [
              88.88663643400002,
              21.50727132899999
            ],
            [
              88.97150387599999,
              21.546135859000003
            ],
            [
              89.010368406,
              21.566757854000002
            ],
            [
              89.04130139900002,
              21.575482545
            ],
            [
              89.07540700700002,
              21.59927715499998
            ],
            [
              89.099223129,
              21.620522712000025
            ],
            [
              89.10193041999997,
              21.633517711000025
            ],
            [
              89.09497833299997,
              21.65130806000002
            ],
            [
              89.074859619,
              21.6875
            ],
            [
              89.05484008799999,
              21.724040984999988
            ],
            [
              89.03801710699997,
              21.737253108999994
            ],
            [
              89.023423079,
              21.750578089999976
            ],
            [
              89.01768493700001,
              21.762241363999976
            ],
            [
              89.013270713,
              21.78122554800001
            ],
            [
              89.00717522399998,
              21.802452688000017
            ],
            [
              89.02088498799998,
              21.826911198999994
            ],
            [
              89.02754747900002,
              21.847850456000003
            ],
            [
              89.02754747900002,
              21.86498257599999
            ],
            [
              89.00500270700002,
              21.888029831999972
            ],
            [
              89.00608562299999,
              21.91564420399999
            ],
            [
              89.01788330099998,
              21.927505493000012
            ],
            [
              89.04194641100003,
              21.945829391000018
            ],
            [
              89.05427540800002,
              21.976828986999976
            ],
            [
              89.053192492,
              22.013648149000005
            ],
            [
              89.04611206099997,
              22.038055419999978
            ],
            [
              89.028656006,
              22.067182541000022
            ],
            [
              89.02016353800002,
              22.097032721000005
            ],
            [
              89.030055178,
              22.11606397700001
            ],
            [
              89.04010599700001,
              22.127333077000003
            ],
            [
              89.036827087,
              22.140001297000026
            ],
            [
              89.01756779700003,
              22.149262136000004
            ],
            [
              89.00964897,
              22.16205408799999
            ],
            [
              89.00447127500001,
              22.170886626000026
            ],
            [
              89.00081643200002,
              22.190074552999988
            ],
            [
              88.99858856200001,
              22.210863113000016
            ],
            [
              88.98650162899997,
              22.21200361199999
            ],
            [
              88.97348785399998,
              22.209184646999972
            ],
            [
              88.961222297,
              22.207739629000002
            ],
            [
              88.955001831,
              22.216562270999987
            ],
            [
              88.941123962,
              22.225210189999984
            ],
            [
              88.94355722099999,
              22.214135603999978
            ],
            [
              88.94538464200002,
              22.205912206999983
            ],
            [
              88.94264350999998,
              22.19951623100002
            ],
            [
              88.933810972,
              22.199211660999993
            ],
            [
              88.925283004,
              22.19647052900001
            ],
            [
              88.926196715,
              22.190074552999988
            ],
            [
              88.92284644199998,
              22.185505998999986
            ],
            [
              88.91815185500002,
              22.18490028399998
            ],
            [
              88.91201019300001,
              22.185941695999986
            ],
            [
              88.90994168700001,
              22.18066671600002
            ],
            [
              88.90602874799998,
              22.173692702999972
            ],
            [
              88.89842224099999,
              22.170555115000013
            ],
            [
              88.89411163300002,
              22.177242278999984
            ],
            [
              88.88070294099998,
              22.181884996999997
            ],
            [
              88.874916106,
              22.176402731999985
            ],
            [
              88.87863922100001,
              22.16782569899999
            ],
            [
              88.88344407300002,
              22.151427968999997
            ],
            [
              88.89471317300001,
              22.134981175000007
            ],
            [
              88.90628684400002,
              22.118229810000003
            ],
            [
              88.90780969500003,
              22.101478444999998
            ],
            [
              88.90385028200001,
              22.09934645300001
            ],
            [
              88.88984004899999,
              22.095387039000002
            ],
            [
              88.87430696500002,
              22.095387039000002
            ],
            [
              88.859687592,
              22.08960020400002
            ],
            [
              88.851464195,
              22.09630075000001
            ],
            [
              88.83897681399998,
              22.103915007000012
            ],
            [
              88.83349454900002,
              22.116402387999983
            ],
            [
              88.82362365699998,
              22.130052567000007
            ],
            [
              88.805831909,
              22.130830764999985
            ],
            [
              88.78750443799998,
              22.127671487999976
            ],
            [
              88.77562619700001,
              22.11670695800001
            ],
            [
              88.76831650999998,
              22.111529264000012
            ],
            [
              88.754306278,
              22.099041882999984
            ],
            [
              88.74334174799998,
              22.08990477399999
            ],
            [
              88.73511835099998,
              22.08198594700002
            ],
            [
              88.73054979699998,
              22.074067119999995
            ],
            [
              88.722326399,
              22.062798020000002
            ],
            [
              88.71248626699997,
              22.059341431000007
            ],
            [
              88.70471954300001,
              22.065000533999978
            ],
            [
              88.68943281000003,
              22.06706200399998
            ],
            [
              88.67816370999998,
              22.067366574000005
            ],
            [
              88.66750374999998,
              22.063711731000012
            ],
            [
              88.65999603300003,
              22.057220459000007
            ],
            [
              88.642796514,
              22.05711869700002
            ],
            [
              88.628738403,
              22.05166053800002
            ],
            [
              88.61690804099999,
              22.04097647200001
            ],
            [
              88.60838007299998,
              22.029098232000024
            ],
            [
              88.60167952699999,
              22.016001710000012
            ],
            [
              88.59193327899999,
              22.005037179999988
            ],
            [
              88.58645101399998,
              21.99133151799998
            ],
            [
              88.576095624,
              21.991636088000007
            ],
            [
              88.56604480499999,
              21.984326402000022
            ],
            [
              88.56513109500003,
              21.967879606999986
            ],
            [
              88.56025797000001,
              21.958133357999998
            ],
            [
              88.55447113499997,
              21.967575037000017
            ],
            [
              88.54725646999998,
              21.973779678000028
            ],
            [
              88.53750610399999,
              21.97869110099998
            ],
            [
              88.53041008399998,
              21.970925309999984
            ],
            [
              88.53193293499999,
              21.959351638999976
            ],
            [
              88.53619691900002,
              21.94747339899999
            ],
            [
              88.53558777799998,
              21.92432605800002
            ],
            [
              88.54228832400003,
              21.917930081999998
            ],
            [
              88.55751683800003,
              21.909706685000003
            ],
            [
              88.55394744900002,
              21.902708054000016
            ],
            [
              88.545578003,
              21.904626845999985
            ],
            [
              88.53223750500001,
              21.908792973999994
            ],
            [
              88.528278092,
              21.902701568999987
            ],
            [
              88.534369497,
              21.893564460999983
            ],
            [
              88.53345578599999,
              21.881077079000022
            ],
            [
              88.52492781900003,
              21.871939971000018
            ],
            [
              88.5261461,
              21.860366301
            ],
            [
              88.51918792700002,
              21.858900070000004
            ],
            [
              88.508865356,
              21.867010117000007
            ],
            [
              88.49694824199997,
              21.875679015999992
            ],
            [
              88.49497985800002,
              21.883710860999997
            ],
            [
              88.50389099099999,
              21.904167174999998
            ],
            [
              88.509162903,
              21.910829544000023
            ],
            [
              88.52188110399999,
              21.920721054000012
            ],
            [
              88.522819519,
              21.93309974700003
            ],
            [
              88.51714325,
              21.94413948099998
            ],
            [
              88.509933472,
              21.95081520100001
            ],
            [
              88.49723053000002,
              21.956439972
            ],
            [
              88.48716110499998,
              21.96392019299998
            ],
            [
              88.494194031,
              21.971569061000025
            ],
            [
              88.50401306200001,
              21.981491088999974
            ],
            [
              88.49903934500003,
              21.986153822999995
            ],
            [
              88.486551964,
              21.978539565999995
            ],
            [
              88.48198341,
              21.97214359100002
            ],
            [
              88.47893770799999,
              21.95965620999999
            ],
            [
              88.48533368300002,
              21.950519100999998
            ],
            [
              88.49386165099997,
              21.945645977000027
            ],
            [
              88.49386165099997,
              21.927371761000018
            ],
            [
              88.48716110499998,
              21.918234653000013
            ],
            [
              88.47315087200002,
              21.910924965999982
            ],
            [
              88.466145756,
              21.904528990000017
            ],
            [
              88.46563720699999,
              21.896394729999997
            ],
            [
              88.477414856,
              21.893259890000024
            ],
            [
              88.47687715799998,
              21.88103947799999
            ],
            [
              88.48144571199998,
              21.872816080999996
            ],
            [
              88.49030304000001,
              21.85396194499998
            ],
            [
              88.494542234,
              21.841140772000017
            ],
            [
              88.50276563099999,
              21.832612804999997
            ],
            [
              88.51616672300003,
              21.82865339099999
            ],
            [
              88.52225812900002,
              21.824084836999987
            ],
            [
              88.51921242600002,
              21.814643159000013
            ],
            [
              88.51007531800002,
              21.803983199000015
            ],
            [
              88.50946617699998,
              21.809160894
            ],
            [
              88.49888610800002,
              21.819721222
            ],
            [
              88.49111175500002,
              21.830278396999972
            ],
            [
              88.481819153,
              21.835128784000005
            ],
            [
              88.48083657199999,
              21.82865339099999
            ],
            [
              88.484795985,
              21.823780267000018
            ],
            [
              88.48510055499997,
              21.810683745000006
            ],
            [
              88.47535430699998,
              21.803069488000006
            ],
            [
              88.45916748000002,
              21.791015625
            ],
            [
              88.45190239599998,
              21.781444998999973
            ],
            [
              88.448247552,
              21.769566757999996
            ],
            [
              88.443678998,
              21.747637698999995
            ],
            [
              88.44215614699999,
              21.736064027999987
            ],
            [
              88.439903259,
              21.709304809999992
            ],
            [
              88.42455291700003,
              21.709356307999997
            ],
            [
              88.41513399600001,
              21.701393779
            ],
            [
              88.40462632100002,
              21.693627236999987
            ],
            [
              88.398230345,
              21.685175411999978
            ],
            [
              88.39777349000002,
              21.66964232800001
            ],
            [
              88.39868720099997,
              21.654337671999997
            ],
            [
              88.405083177,
              21.64497213599998
            ],
            [
              88.414220285,
              21.635378172999992
            ],
            [
              88.41627613399999,
              21.624642070999982
            ],
            [
              88.40371261000001,
              21.622586221000006
            ],
            [
              88.39685977900001,
              21.618017667000004
            ],
            [
              88.391377514,
              21.611850118999996
            ],
            [
              88.38589524899999,
              21.606367853999984
            ],
            [
              88.37972770099998,
              21.604312004999997
            ],
            [
              88.374702292,
              21.607281564999994
            ],
            [
              88.374702292,
              21.616190244999984
            ],
            [
              88.37675814099998,
              21.62509892600002
            ],
            [
              88.37493072000001,
              21.631494901999986
            ],
            [
              88.37538757499999,
              21.642231003999996
            ],
            [
              88.36990530999998,
              21.646342702000027
            ],
            [
              88.35807037400002,
              21.647500992000005
            ],
            [
              88.35871235299999,
              21.656165094000016
            ],
            [
              88.35414379899998,
              21.667358051000008
            ],
            [
              88.34454983500001,
              21.67763729799998
            ],
            [
              88.33632643800001,
              21.684718556999997
            ],
            [
              88.32947360700001,
              21.688830255000028
            ],
            [
              88.32244028899999,
              21.690097417999993
            ],
            [
              88.30805206299999,
              21.693624495999984
            ],
            [
              88.29555511500001,
              21.695554732999994
            ],
            [
              88.28944396999998,
              21.701667785999973
            ],
            [
              88.296310425,
              21.706079482999996
            ],
            [
              88.30829620399999,
              21.706970215000013
            ],
            [
              88.315130603,
              21.701468041999988
            ],
            [
              88.33249664300001,
              21.70222282399999
            ],
            [
              88.33027648900003,
              21.703889847000028
            ],
            [
              88.328330994,
              21.710279464999985
            ],
            [
              88.33015606999999,
              21.720148352000024
            ],
            [
              88.32365857000002,
              21.725833663000003
            ],
            [
              88.316754978,
              21.72705194399998
            ],
            [
              88.30723571800002,
              21.723690033000025
            ],
            [
              88.297668574,
              21.72745803800001
            ],
            [
              88.29523201199999,
              21.757102878000012
            ],
            [
              88.292877197,
              21.774829865000015
            ],
            [
              88.27980045100003,
              21.781874593999987
            ],
            [
              88.26390838600003,
              21.78745078999998
            ],
            [
              88.254432678,
              21.79120063800002
            ],
            [
              88.25194549600002,
              21.79833412200003
            ],
            [
              88.250561705,
              21.809895058999984
            ],
            [
              88.26139068600003,
              21.81175994900002
            ],
            [
              88.27110290500002,
              21.81874084499998
            ],
            [
              88.29029846200001,
              21.823801041000024
            ],
            [
              88.30010513600001,
              21.834666774000027
            ],
            [
              88.29279544899998,
              21.836291148999976
            ],
            [
              88.28264310700001,
              21.83547896099998
            ],
            [
              88.27086638999998,
              21.830605837000007
            ],
            [
              88.25990186000001,
              21.824920524999982
            ],
            [
              88.25259217399997,
              21.818829119999975
            ],
            [
              88.24487639300003,
              21.811519433
            ],
            [
              88.24203373699999,
              21.799336622
            ],
            [
              88.24325201900001,
              21.789184279999972
            ],
            [
              88.247729633,
              21.774342085
            ],
            [
              88.26484680200002,
              21.756942749000018
            ],
            [
              88.28250122100002,
              21.76721954300001
            ],
            [
              88.28415679900002,
              21.750579834000007
            ],
            [
              88.279167175,
              21.71693992600001
            ],
            [
              88.28382685100001,
              21.694206262000023
            ],
            [
              88.29104629400001,
              21.681211264000012
            ],
            [
              88.29682184900003,
              21.66605043200002
            ],
            [
              88.278051296,
              21.624899604000007
            ],
            [
              88.27371963000002,
              21.602519330000007
            ],
            [
              88.285270739,
              21.590246276000016
            ],
            [
              88.29104629400001,
              21.575807388999976
            ],
            [
              88.27361297599998,
              21.559444427000017
            ],
            [
              88.256668091,
              21.560831070000006
            ],
            [
              88.24416351299999,
              21.580833434999988
            ],
            [
              88.25422713199998,
              21.600353497000015
            ],
            [
              88.242225647,
              21.597221375000004
            ],
            [
              88.22679324699999,
              21.585914609999975
            ],
            [
              88.23040296900001,
              21.59385599699999
            ],
            [
              88.23055267299998,
              21.609720229999994
            ],
            [
              88.21945190399998,
              21.614719390999994
            ],
            [
              88.216308594,
              21.627239227000018
            ],
            [
              88.231109619,
              21.64528083800002
            ],
            [
              88.22029574800001,
              21.650889601000017
            ],
            [
              88.21018852700001,
              21.633562937000022
            ],
            [
              88.20083618199999,
              21.620000839
            ],
            [
              88.20777893100001,
              21.60416412400002
            ],
            [
              88.20008130600002,
              21.597465719000013
            ],
            [
              88.18997408500002,
              21.609738773000004
            ],
            [
              88.18058880900003,
              21.632119047999993
            ],
            [
              88.17625714299999,
              21.657387099999994
            ],
            [
              88.169037699,
              21.671104043000014
            ],
            [
              88.15389251699997,
              21.655832291000024
            ],
            [
              88.142501831,
              21.637220383
            ],
            [
              88.14449159100002,
              21.620567938000022
            ],
            [
              88.138716036,
              21.601075440999978
            ],
            [
              88.13727214800002,
              21.572919610999975
            ],
            [
              88.13943798100001,
              21.551983225000015
            ],
            [
              88.15820853399998,
              21.523827395000012
            ],
            [
              88.17048158799997,
              21.49783739899999
            ],
            [
              88.17264742100002,
              21.474735179999982
            ],
            [
              88.17481325400001,
              21.456686570999977
            ],
            [
              88.18853019699998,
              21.423477131000027
            ]
          ]
        ]
      },
      "properties": {
        "objectid": 1252472,
        "site_id": 555795276,
        "site_pid": "555795276",
        "site_type": "PA",
        "name_eng": "Sundarban Wetland",
        "name": "Sundarban Reserve Forest",
        "desig": "Wetland of International Importance (Ramsar Site)",
        "desig_eng": "Wetland of International Importance (Ramsar Site)",
        "desig_type": "International",
        "iucn_cat": "Ia",
        "int_crit": "(ii);(iii);(vii);(viii)",
        "realm": "Coastal",
        "rep_m_area": 0,
        "gis_m_area": 2055.22063512,
        "rep_area": 4230,
        "gis_area": 4243.77409377,
        "no_take": "Not Reported",
        "no_tk_area": 0,
        "status": "Designated",
        "status_yr": 2019,
        "gov_type": "Not Reported",
        "verif": "State Verified",
        "inlnd_wtrs": "Not Reported",
        "own_type": "State",
        "mang_auth": "Full information available from the Ramsar Sites Information Service (RSIS) website - https://rsis.ramsar.org/ris/2370",
        "mang_plan": "Site management information available at: https://rsis.ramsar.org/ris/2370",
        "cons_obj": "Not Applicable",
        "supp_info": "More information available at: https://rsis.ramsar.org/ris/2370",
        "metadataid": 2123,
        "prnt_iso3": "IND",
        "iso3": "IND",
        "govsubtype": "Not Applicable",
        "ownsubtype": "Not Applicable",
        "oecm_asmt": "Not Applicable",
        "st_area(shape)": 0.3705800967053071,
        "st_length(shape)": 4.797033987962304
      }
    },
    {
      "type": "Feature",
      "id": 1252547,
      "geometry": {
        "type": "MultiPolygon",
        "coordinates": [
          [
            [
              [
                78.99583333300001,
                9.222222222000028
              ],
              [
                78.87916666699999,
                9.222222222000028
              ],
              [
                78.875,
                9.223611111000025
              ],
              [
                78.85833333300002,
                9.20555555499999
              ],
              [
                78.67222222200002,
                9.15416666599998
              ],
              [
                78.69444444499999,
                9.125
              ],
              [
                78.75,
                9.123055555999997
              ],
              [
                78.85833333300002,
                9.155555556000024
              ],
              [
                78.875,
                9.166666666000026
              ],
              [
                78.99583333300001,
                9.166666667000015
              ],
              [
                78.99583333300001,
                9.222222222000028
              ]
            ]
          ],
          [
            [
              [
                79.186111111,
                9.166666666000026
              ],
              [
                79.16805555500002,
                9.218055554999978
              ],
              [
                79.14027777799998,
                9.221666667000022
              ],
              [
                79.10277777699997,
                9.23416666700001
              ],
              [
                79.08527777699999,
                9.234722222000016
              ],
              [
                79.03472222200003,
                9.218055556000024
              ],
              [
                79.03472222300002,
                9.166666667000015
              ],
              [
                79.186111111,
                9.166666666000026
              ]
            ]
          ],
          [
            [
              [
                79.17916666600001,
                9.194444443999998
              ],
              [
                79.25,
                9.223611111000025
              ],
              [
                79.25,
                9.251388888999998
              ],
              [
                79.23611111100001,
                9.252777777999995
              ],
              [
                79.22361111100003,
                9.25
              ],
              [
                79.21944444399998,
                9.25
              ],
              [
                79.20277777799998,
                9.252777777000006
              ],
              [
                79.193055555,
                9.251944444000003
              ],
              [
                79.17916666600001,
                9.25
              ],
              [
                79.16805555600001,
                9.243055556000002
              ],
              [
                79.16805555600001,
                9.241666666000015
              ],
              [
                79.17916666600001,
                9.194444443999998
              ]
            ]
          ],
          [
            [
              [
                78.622222222,
                9.104166667000015
              ],
              [
                78.57777777799998,
                9.120833333000007
              ],
              [
                78.45555555599998,
                9.093055554999978
              ],
              [
                78.47500000000002,
                9.041666666000026
              ],
              [
                78.622222222,
                9.104166667000015
              ]
            ]
          ],
          [
            [
              [
                78.24166666999997,
                8.816666666999993
              ],
              [
                78.30833332999998,
                8.925000000000011
              ],
              [
                78.26249999999999,
                8.975000000000023
              ],
              [
                78.23333333,
                8.949999999999989
              ],
              [
                78.19166667000002,
                8.816666666999993
              ],
              [
                78.24166666999997,
                8.816666666999993
              ]
            ]
          ]
        ]
      },
      "properties": {
        "objectid": 1252547,
        "site_id": 555795353,
        "site_pid": "555795353",
        "site_type": "PA",
        "name_eng": "Gulf of Mannar Marine Biosphere Reserve",
        "name": "Mannar Valaiguda in Tamil",
        "desig": "Wetland of International Importance (Ramsar Site)",
        "desig_eng": "Wetland of International Importance (Ramsar Site)",
        "desig_type": "International",
        "iucn_cat": "Not Reported",
        "int_crit": "(i);(ii);(iii);(iv);(ix);(v);(vi);(vii);(viii)",
        "realm": "Marine",
        "rep_m_area": 0,
        "gis_m_area": 519.8748621100001,
        "rep_area": 526.71876,
        "gis_area": 526.71875749,
        "no_take": "Not Reported",
        "no_tk_area": 0,
        "status": "Designated",
        "status_yr": 2022,
        "gov_type": "Not Reported",
        "verif": "State Verified",
        "inlnd_wtrs": "Not Applicable",
        "own_type": "Joint ownership",
        "mang_auth": "Full information available from the Ramsar Sites Information Service (RSIS) website - https://rsis.ramsar.org/ris/2472",
        "mang_plan": "Site management information available at: https://rsis.ramsar.org/ris/2472",
        "cons_obj": "Not Applicable",
        "supp_info": "More information available at: https://rsis.ramsar.org/ris/2472",
        "metadataid": 2123,
        "prnt_iso3": "IND",
        "iso3": "IND",
        "govsubtype": "Not Applicable",
        "ownsubtype": "Not Reported",
        "oecm_asmt": "Not Applicable",
        "st_area(shape)": 0.04332326360625,
        "st_length(shape)": 2.1858344786633683
      }
    },
    {
      "type": "Feature",
      "id": 1252557,
      "geometry": {
        "type": "Polygon",
        "coordinates": [
          [
            [
              79.797033833,
              11.452381807999984
            ],
            [
              79.79691568499999,
              11.452549482999984
            ],
            [
              79.79536569099997,
              11.456976175000023
            ],
            [
              79.79523027599998,
              11.457384439999998
            ],
            [
              79.79239719100002,
              11.459798364999983
            ],
            [
              79.791483105,
              11.46052733900001
            ],
            [
              79.79052402399998,
              11.461437585999988
            ],
            [
              79.78773708,
              11.463896421000015
            ],
            [
              79.78591057,
              11.465671224000005
            ],
            [
              79.784722853,
              11.466763696999976
            ],
            [
              79.78380433199999,
              11.46667813900001
            ],
            [
              79.78270132799997,
              11.46645769700001
            ],
            [
              79.78141486300001,
              11.466237928999988
            ],
            [
              79.780220547,
              11.466108331999976
            ],
            [
              79.77769380000001,
              11.465759468999977
            ],
            [
              79.77636112699997,
              11.465495013000009
            ],
            [
              79.775257791,
              11.465183880999973
            ],
            [
              79.774647577,
              11.46521829400001
            ],
            [
              79.77387549100001,
              11.466479995999975
            ],
            [
              79.773762503,
              11.465538427000013
            ],
            [
              79.77366834499998,
              11.464116658000023
            ],
            [
              79.773802564,
              11.462956231000021
            ],
            [
              79.77372484,
              11.46044453899998
            ],
            [
              79.77371542399999,
              11.459248746000014
            ],
            [
              79.77370600799998,
              11.458702635999998
            ],
            [
              79.77374974999998,
              11.457904387999974
            ],
            [
              79.77371542399999,
              11.45749742800001
            ],
            [
              79.774468679,
              11.45637696099999
            ],
            [
              79.77511355500002,
              11.45540791000002
            ],
            [
              79.77529545599998,
              11.455090070999972
            ],
            [
              79.77580570700002,
              11.454220768000027
            ],
            [
              79.77635181699998,
              11.453279199000008
            ],
            [
              79.77692617500003,
              11.452186978999976
            ],
            [
              79.77759468900001,
              11.45099118600001
            ],
            [
              79.77815963,
              11.449917797000012
            ],
            [
              79.77871044800003,
              11.449032722000027
            ],
            [
              79.778726898,
              11.449002415999985
            ],
            [
              79.778799897,
              11.44879732999999
            ],
            [
              79.77892700899997,
              11.448585476999995
            ],
            [
              79.77930996399999,
              11.447545939000008
            ],
            [
              79.779588579,
              11.447025089000022
            ],
            [
              79.77985916199998,
              11.446283341000026
            ],
            [
              79.78010867799998,
              11.445798432999993
            ],
            [
              79.78019406499999,
              11.445571013000006
            ],
            [
              79.78019905500003,
              11.445540202000018
            ],
            [
              79.78020754300002,
              11.445520670000008
            ],
            [
              79.780334654,
              11.445228783000005
            ],
            [
              79.78047118199999,
              11.44502634600002
            ],
            [
              79.78057004700003,
              11.444805077000012
            ],
            [
              79.78063595700002,
              11.444616763999989
            ],
            [
              79.78072340199998,
              11.444468221000022
            ],
            [
              79.78082470200002,
              11.44410419899998
            ],
            [
              79.78084181700001,
              11.444064568999977
            ],
            [
              79.78087025100001,
              11.443999179000002
            ],
            [
              79.78141208,
              11.442891749000012
            ],
            [
              79.78178937899997,
              11.441970954999988
            ],
            [
              79.78195886100002,
              11.441650820999996
            ],
            [
              79.78202477100001,
              11.441396596999994
            ],
            [
              79.78214717499998,
              11.441184743999997
            ],
            [
              79.782227208,
              11.440963475999979
            ],
            [
              79.78237785900001,
              11.440591556000015
            ],
            [
              79.782552049,
              11.440163142000017
            ],
            [
              79.782730948,
              11.439781806999974
            ],
            [
              79.78286925600003,
              11.439459625999973
            ],
            [
              79.78331942800003,
              11.438303543000018
            ],
            [
              79.783670347,
              11.437539973000014
            ],
            [
              79.78432690699998,
              11.436123811000016
            ],
            [
              79.784997885,
              11.434801047999997
            ],
            [
              79.784915388,
              11.434410155000023
            ],
            [
              79.78479769199998,
              11.433816966999984
            ],
            [
              79.784624087,
              11.432508238000025
            ],
            [
              79.784661164,
              11.432042109000008
            ],
            [
              79.78464233300002,
              11.431227652000018
            ],
            [
              79.78459996200002,
              11.430149555000014
            ],
            [
              79.78459996200002,
              11.429862377000006
            ],
            [
              79.78459479200001,
              11.429723879999983
            ],
            [
              79.78457691400001,
              11.429754477000017
            ],
            [
              79.78306049700001,
              11.429796467000017
            ],
            [
              79.78242023000001,
              11.428854897999997
            ],
            [
              79.78213775900002,
              11.428949054999975
            ],
            [
              79.78215659099999,
              11.429834130000017
            ],
            [
              79.77974617400002,
              11.429608153000004
            ],
            [
              79.77833382,
              11.429193863000023
            ],
            [
              79.77703445499998,
              11.428704246999985
            ],
            [
              79.77569742700001,
              11.42810164299999
            ],
            [
              79.77469936400001,
              11.427593194999986
            ],
            [
              79.77365279000003,
              11.427224919000025
            ],
            [
              79.772364273,
              11.426425649999999
            ],
            [
              79.77114023299998,
              11.425615901000015
            ],
            [
              79.770179832,
              11.424824983000008
            ],
            [
              79.76891391999999,
              11.424133114000028
            ],
            [
              79.76805816900003,
              11.423437388000025
            ],
            [
              79.767095181,
              11.422636864000026
            ],
            [
              79.766698728,
              11.421518492000018
            ],
            [
              79.76695966599999,
              11.420757404000028
            ],
            [
              79.767830006,
              11.420602353999982
            ],
            [
              79.76794447100002,
              11.420450093
            ],
            [
              79.76804345400001,
              11.420671292999998
            ],
            [
              79.768617473,
              11.42178874299998
            ],
            [
              79.76904963300001,
              11.422941948000016
            ],
            [
              79.76997785999998,
              11.423882449000018
            ],
            [
              79.771083143,
              11.42475226800002
            ],
            [
              79.77204502799998,
              11.425342367999974
            ],
            [
              79.773079672,
              11.426282587999992
            ],
            [
              79.77372213299998,
              11.426909362000004
            ],
            [
              79.77436179099999,
              11.427011102999984
            ],
            [
              79.77475079700002,
              11.426728905999994
            ],
            [
              79.775886893,
              11.426687974999993
            ],
            [
              79.77722276899999,
              11.426576301000011
            ],
            [
              79.77822083199999,
              11.426124347999973
            ],
            [
              79.77886109899998,
              11.425615901000015
            ],
            [
              79.77903058099997,
              11.424956801999997
            ],
            [
              79.77827732600002,
              11.42437302899998
            ],
            [
              79.77881764400001,
              11.423661685000013
            ],
            [
              79.77923798,
              11.422573818999979
            ],
            [
              79.780896697,
              11.420709579000004
            ],
            [
              79.78252345300001,
              11.419510629000001
            ],
            [
              79.78335421999998,
              11.418990284000017
            ],
            [
              79.78383258299999,
              11.418497639000009
            ],
            [
              79.78460467000002,
              11.418083347999982
            ],
            [
              79.78471765799998,
              11.417970360000027
            ],
            [
              79.785452082,
              11.417650227000024
            ],
            [
              79.78565451899999,
              11.417537238000023
            ],
            [
              79.78586637199999,
              11.417443080999988
            ],
            [
              79.78684505000001,
              11.416781903000015
            ],
            [
              79.78704918599999,
              11.416504049000025
            ],
            [
              79.787290697,
              11.416226282000025
            ],
            [
              79.78747661599999,
              11.416022521999992
            ],
            [
              79.78768109399999,
              11.415781664999997
            ],
            [
              79.78784855200001,
              11.41563335799998
            ],
            [
              79.78799735000001,
              11.415503505999993
            ],
            [
              79.788165005,
              11.415391913999997
            ],
            [
              79.78835211500001,
              11.415409291999993
            ],
            [
              79.78848358900001,
              11.415519317000019
            ],
            [
              79.78849296599998,
              11.415744648999976
            ],
            [
              79.78835509599998,
              11.415962562000004
            ],
            [
              79.78782483600003,
              11.41665216299998
            ],
            [
              79.78761295700002,
              11.417036024000026
            ],
            [
              79.786742032,
              11.417895034000026
            ],
            [
              79.78638423500001,
              11.418554132999986
            ],
            [
              79.78613942700002,
              11.41898725499999
            ],
            [
              79.78593228199998,
              11.419335634999982
            ],
            [
              79.78570630600001,
              11.419806419999986
            ],
            [
              79.78553682299997,
              11.420154799999978
            ],
            [
              79.78540500399998,
              11.420795066999972
            ],
            [
              79.785301431,
              11.421021043999986
            ],
            [
              79.78435044600002,
              11.421435334000023
            ],
            [
              79.78385141500002,
              11.42176488299998
            ],
            [
              79.78349361900001,
              11.421906119000028
            ],
            [
              79.78320173200001,
              11.422113264000018
            ],
            [
              79.78278744199997,
              11.423798671999975
            ],
            [
              79.782589712,
              11.424749657000007
            ],
            [
              79.78258867900001,
              11.42504259399999
            ],
            [
              79.78247672399999,
              11.425775966999993
            ],
            [
              79.78314523799997,
              11.425728889000027
            ],
            [
              79.784084673,
              11.425649485999998
            ],
            [
              79.78411505399998,
              11.425653563000026
            ],
            [
              79.784165928,
              11.42566063999999
            ],
            [
              79.78428603399999,
              11.425546473999987
            ],
            [
              79.78446343500002,
              11.425413462999984
            ],
            [
              79.78521198200002,
              11.424824983000008
            ],
            [
              79.78567805900002,
              11.42439656900001
            ],
            [
              79.785842833,
              11.424081143000024
            ],
            [
              79.78643131400003,
              11.423130157999992
            ],
            [
              79.78697742399999,
              11.422287454000013
            ],
            [
              79.78781542000002,
              11.420893932000013
            ],
            [
              79.78838488999997,
              11.420123538999974
            ],
            [
              79.78901592099999,
              11.419175568000014
            ],
            [
              79.78970797400001,
              11.418201044
            ],
            [
              79.79032941000003,
              11.417405418999977
            ],
            [
              79.79084256499999,
              11.416656870999986
            ],
            [
              79.79121448500001,
              11.415955402000009
            ],
            [
              79.79161935899998,
              11.416162546999999
            ],
            [
              79.792028942,
              11.41644501799999
            ],
            [
              79.79234109499998,
              11.416259517000015
            ],
            [
              79.79294226399998,
              11.415611730000023
            ],
            [
              79.792490311,
              11.415169192000008
            ],
            [
              79.79267862400002,
              11.415023249
            ],
            [
              79.79285779999998,
              11.41491694299998
            ],
            [
              79.79286543799998,
              11.414899391999995
            ],
            [
              79.79336306300002,
              11.414372581999999
            ],
            [
              79.79366256399999,
              11.41402989400001
            ],
            [
              79.793955477,
              11.414029984000024
            ],
            [
              79.79454293100002,
              11.414491262000013
            ],
            [
              79.79507021,
              11.414138174000016
            ],
            [
              79.79606066100001,
              11.413166806999982
            ],
            [
              79.79643077700001,
              11.412306822000005
            ],
            [
              79.79699101099999,
              11.411657139999988
            ],
            [
              79.798572847,
              11.410225954999987
            ],
            [
              79.79915191100002,
              11.40990111299999
            ],
            [
              79.799537955,
              11.40966572100001
            ],
            [
              79.80018763700002,
              11.409364418999985
            ],
            [
              79.800780826,
              11.408983083999999
            ],
            [
              79.80106329699998,
              11.408808893000014
            ],
            [
              79.80123748699998,
              11.408738276000008
            ],
            [
              79.801501126,
              11.408559378000007
            ],
            [
              79.801788305,
              11.408441681
            ],
            [
              79.80200957300002,
              11.408338108999999
            ],
            [
              79.80225438100001,
              11.408234536000009
            ],
            [
              79.80266867199998,
              11.408060346000013
            ],
            [
              79.80307354600001,
              11.407966188999978
            ],
            [
              79.80329952300002,
              11.407895570999983
            ],
            [
              79.80339368,
              11.407843785000011
            ],
            [
              79.803467571,
              11.407817753000018
            ],
            [
              79.80372322900001,
              11.407730797
            ],
            [
              79.80387388000003,
              11.407646055999976
            ],
            [
              79.80408102500002,
              11.407580145999987
            ],
            [
              79.80441481999998,
              11.407527739999978
            ],
            [
              79.804754247,
              11.407340046000002
            ],
            [
              79.80511204300001,
              11.407245889000023
            ],
            [
              79.805269431,
              11.407376069999998
            ],
            [
              79.805389806,
              11.408130964000009
            ],
            [
              79.805421996,
              11.408466292000014
            ],
            [
              79.80551221000002,
              11.408766522999997
            ],
            [
              79.80553645999998,
              11.408922942000004
            ],
            [
              79.805568704,
              11.409105488000023
            ],
            [
              79.80558986,
              11.409210174000009
            ],
            [
              79.80562049100001,
              11.409392665999974
            ],
            [
              79.805627937,
              11.40949720399999
            ],
            [
              79.80565815300002,
              11.40966572100001
            ],
            [
              79.805757632,
              11.410068439999975
            ],
            [
              79.805865299,
              11.410291864999976
            ],
            [
              79.80595474799998,
              11.410564920000013
            ],
            [
              79.80597828700002,
              11.410701447000008
            ],
            [
              79.80604890500001,
              11.410993333000022
            ],
            [
              79.80605831999998,
              11.411219309999979
            ],
            [
              79.80610069099998,
              11.411384085000009
            ],
            [
              79.80616189300002,
              11.41148765700001
            ],
            [
              79.80633744099998,
              11.412357292000024
            ],
            [
              79.806646801,
              11.413361380000026
            ],
            [
              79.80683511500001,
              11.41386511899998
            ],
            [
              79.806999889,
              11.414477138999985
            ],
            [
              79.807183495,
              11.414754902000027
            ],
            [
              79.80726823700002,
              11.414985586
            ],
            [
              79.80780963900003,
              11.416106053000021
            ],
            [
              79.80794145800002,
              11.416346153000006
            ],
            [
              79.80797441300001,
              11.416699241999993
            ],
            [
              79.808007368,
              11.417033499000013
            ],
            [
              79.80802149200002,
              11.41728301500001
            ],
            [
              79.80805444700002,
              11.417466621000017
            ],
            [
              79.80809230199998,
              11.417605144999982
            ],
            [
              79.80820980599998,
              11.418186920999972
            ],
            [
              79.80834162500003,
              11.418940175999978
            ],
            [
              79.80861938800001,
              11.419269724999992
            ],
            [
              79.80883594900001,
              11.419603982000012
            ],
            [
              79.80901955500002,
              11.419900575999975
            ],
            [
              79.80906663299999,
              11.420253665000018
            ],
            [
              79.80909932499998,
              11.420629426000005
            ],
            [
              79.80910429599999,
              11.421110493000015
            ],
            [
              79.80911842,
              11.421360008000022
            ],
            [
              79.80909958799998,
              11.421934366000016
            ],
            [
              79.80902897099998,
              11.42314428200001
            ],
            [
              79.80895835299998,
              11.423991693999994
            ],
            [
              79.80892068999998,
              11.42446247800001
            ],
            [
              79.80891623600002,
              11.425123014999997
            ],
            [
              79.80890093300002,
              11.425598143999991
            ],
            [
              79.80890096500002,
              11.425813638000022
            ],
            [
              79.80883124100001,
              11.42623262799998
            ],
            [
              79.80876358699999,
              11.426565068000002
            ],
            [
              79.80865685600003,
              11.427028538000002
            ],
            [
              79.80861468,
              11.427348387999984
            ],
            [
              79.80845848500002,
              11.427781986000014
            ],
            [
              79.80833691700002,
              11.428068687999996
            ],
            [
              79.808275288,
              11.428246428000023
            ],
            [
              79.80820670000003,
              11.42882436100001
            ],
            [
              79.80819097400001,
              11.429528119999986
            ],
            [
              79.808539355,
              11.430356700999994
            ],
            [
              79.80876062300001,
              11.430822777000003
            ],
            [
              79.80874068999998,
              11.431702592000022
            ],
            [
              79.80876062300001,
              11.43219276000002
            ],
            [
              79.80879415200002,
              11.432549315000017
            ],
            [
              79.80875120799999,
              11.433299104000014
            ],
            [
              79.80876062300001,
              11.433680439
            ],
            [
              79.80896306099999,
              11.434104144999992
            ],
            [
              79.80902897099998,
              11.434603176999985
            ],
            [
              79.809005431,
              11.435121040000013
            ],
            [
              79.80856289399998,
              11.436189721000005
            ],
            [
              79.808252176,
              11.436980639000012
            ],
            [
              79.80778139199998,
              11.438152892000005
            ],
            [
              79.807475382,
              11.438990889000024
            ],
            [
              79.80703162999998,
              11.439845945999991
            ],
            [
              79.80680686800002,
              11.440657466000005
            ],
            [
              79.806571475,
              11.441250653999987
            ],
            [
              79.806434948,
              11.441599035000024
            ],
            [
              79.80634079100003,
              11.441947415000016
            ],
            [
              79.80619955600002,
              11.442267549000007
            ],
            [
              79.80579468100001,
              11.443340937000016
            ],
            [
              79.80555458100002,
              11.443872924000004
            ],
            [
              79.80552162599997,
              11.444037698999978
            ],
            [
              79.805432177,
              11.444306046000008
            ],
            [
              79.80431170999998,
              11.445332355999994
            ],
            [
              79.80337484900002,
              11.446212722999974
            ],
            [
              79.80271255299999,
              11.446855355000025
            ],
            [
              79.80146817100001,
              11.447931085999983
            ],
            [
              79.80052189399998,
              11.448834992999991
            ],
            [
              79.79966506699998,
              11.449696528000004
            ],
            [
              79.79834686999999,
              11.450897028999975
            ],
            [
              79.79779134400002,
              11.451461970000025
            ],
            [
              79.79736293000002,
              11.451857428999972
            ],
            [
              79.797099291,
              11.452186978999976
            ],
            [
              79.797033833,
              11.452381807999984
            ]
          ]
        ]
      },
      "properties": {
        "objectid": 1252557,
        "site_id": 555795363,
        "site_pid": "555795363",
        "site_type": "PA",
        "name_eng": "Pichavaram Mangrove",
        "name": "Thillai Vanam",
        "desig": "Wetland of International Importance (Ramsar Site)",
        "desig_eng": "Wetland of International Importance (Ramsar Site)",
        "desig_type": "International",
        "iucn_cat": "V",
        "int_crit": "(i);(ii);(iii);(iv);(v);(vi);(vii);(viii)",
        "realm": "Coastal",
        "rep_m_area": 0,
        "gis_m_area": 4.06875858,
        "rep_area": 14.78642,
        "gis_area": 14.78642065,
        "no_take": "Not Reported",
        "no_tk_area": 0,
        "status": "Designated",
        "status_yr": 2022,
        "gov_type": "Not Reported",
        "verif": "State Verified",
        "inlnd_wtrs": "Not Reported",
        "own_type": "Joint ownership",
        "mang_auth": "Cuddalore District \nLocal Office : Forest Range Office, Pichavaram Range, Chidambaram \nControl Office : District forest Officer, Cuddalore Division, Cuddalore district",
        "mang_plan": "Site management information available at: https://rsis.ramsar.org/ris/2482",
        "cons_obj": "Not Applicable",
        "supp_info": "More information available at: https://rsis.ramsar.org/ris/2482",
        "metadataid": 2123,
        "prnt_iso3": "IND",
        "iso3": "IND",
        "govsubtype": "Not Applicable",
        "ownsubtype": "Not Reported",
        "oecm_asmt": "Not Applicable",
        "st_area(shape)": 0.001224954979580234,
        "st_length(shape)": 0.2202331369756834
      }
    },
    {
      "type": "Feature",
      "id": 1252565,
      "geometry": {
        "type": "Polygon",
        "coordinates": [
          [
            [
              72.927353606,
              19.095570742999996
            ],
            [
              72.92596389699997,
              19.09231115199998
            ],
            [
              72.92486441599999,
              19.08986427299999
            ],
            [
              72.92395832800003,
              19.087516181000012
            ],
            [
              72.92102909200003,
              19.083848181000008
            ],
            [
              72.92146781000002,
              19.083005802999992
            ],
            [
              72.926343831,
              19.079275845999973
            ],
            [
              72.92850814100001,
              19.078906881000023
            ],
            [
              72.92899186400001,
              19.079022710000004
            ],
            [
              72.93014687700003,
              19.079983103000018
            ],
            [
              72.93112729500001,
              19.079037923999977
            ],
            [
              72.93402329399999,
              19.08182810400001
            ],
            [
              72.93604540000001,
              19.08020750899999
            ],
            [
              72.93093109900002,
              19.075060533999988
            ],
            [
              72.929832239,
              19.07604749799998
            ],
            [
              72.92894800099998,
              19.076380735999976
            ],
            [
              72.92818863999997,
              19.07706760100001
            ],
            [
              72.928944903,
              19.077687153
            ],
            [
              72.928915018,
              19.078781236999987
            ],
            [
              72.92802260600001,
              19.078804749000028
            ],
            [
              72.92625104400003,
              19.079125222000016
            ],
            [
              72.92409743399998,
              19.080784818999973
            ],
            [
              72.92348319500002,
              19.08009252300002
            ],
            [
              72.92311342800002,
              19.080398491999972
            ],
            [
              72.92263128799999,
              19.080021176000002
            ],
            [
              72.922181523,
              19.080244090000008
            ],
            [
              72.92166037999999,
              19.080742294000004
            ],
            [
              72.92171565500001,
              19.08103194900002
            ],
            [
              72.922525699,
              19.082011110999986
            ],
            [
              72.92134017900003,
              19.08293747900001
            ],
            [
              72.92103316499998,
              19.083543200999998
            ],
            [
              72.92072765500001,
              19.083479780999994
            ],
            [
              72.918825997,
              19.081191719999993
            ],
            [
              72.917504866,
              19.079585017
            ],
            [
              72.91781718300001,
              19.079029295999987
            ],
            [
              72.917787245,
              19.078527168999983
            ],
            [
              72.91793895400002,
              19.078052655000022
            ],
            [
              72.91799411300002,
              19.077677456999993
            ],
            [
              72.918611043,
              19.076764244000003
            ],
            [
              72.91895832900002,
              19.076439381
            ],
            [
              72.920085938,
              19.07583318899998
            ],
            [
              72.920856216,
              19.07535132999999
            ],
            [
              72.92131134300001,
              19.075174909999987
            ],
            [
              72.92206115099998,
              19.074933047000002
            ],
            [
              72.920828814,
              19.073628353000004
            ],
            [
              72.92184914500001,
              19.073018966999996
            ],
            [
              72.92265933599998,
              19.07404699799997
            ],
            [
              72.92303264499998,
              19.074349229999996
            ],
            [
              72.92353691300002,
              19.074302219000003
            ],
            [
              72.92419746299998,
              19.073981903000004
            ],
            [
              72.92491186699999,
              19.074036141000022
            ],
            [
              72.92578922000001,
              19.074551079999992
            ],
            [
              72.92691636199999,
              19.074993991999975
            ],
            [
              72.92782374799998,
              19.075087941999982
            ],
            [
              72.92969336800002,
              19.074586898000007
            ],
            [
              72.93076767999997,
              19.07373745000001
            ],
            [
              72.931649693,
              19.072819626000012
            ],
            [
              72.931769336,
              19.07254576700001
            ],
            [
              72.93184043299999,
              19.072077287000013
            ],
            [
              72.932237768,
              19.070789435999984
            ],
            [
              72.932812006,
              19.070469393999986
            ],
            [
              72.933726191,
              19.069833836999976
            ],
            [
              72.933936539,
              19.069564031000027
            ],
            [
              72.93407722799998,
              19.069089383999994
            ],
            [
              72.93405423299998,
              19.06863983400001
            ],
            [
              72.93409623600002,
              19.068194660000017
            ],
            [
              72.934300211,
              19.06727086699999
            ],
            [
              72.934834427,
              19.066561227000022
            ],
            [
              72.935506847,
              19.06490489700002
            ],
            [
              72.93571595100002,
              19.06350086499998
            ],
            [
              72.93579341899999,
              19.063323027000024
            ],
            [
              72.93608897000001,
              19.063077254000007
            ],
            [
              72.93639467499997,
              19.062610463999988
            ],
            [
              72.93695592099999,
              19.061500394000007
            ],
            [
              72.93720111800002,
              19.060550028000023
            ],
            [
              72.93720148400001,
              19.059948505000023
            ],
            [
              72.93708492299999,
              19.05928090399999
            ],
            [
              72.93570989099999,
              19.059280237999985
            ],
            [
              72.934953678,
              19.05936279399998
            ],
            [
              72.934315664,
              19.059523793999972
            ],
            [
              72.93375455900002,
              19.059886846999973
            ],
            [
              72.933721343,
              19.059909220999998
            ],
            [
              72.933068069,
              19.059886869000024
            ],
            [
              72.93279518700001,
              19.060347794999984
            ],
            [
              72.93118212899998,
              19.059383673000013
            ],
            [
              72.93119164699999,
              19.059164991999978
            ],
            [
              72.93120782699998,
              19.059164991999978
            ],
            [
              72.93136790300002,
              19.05885584599997
            ],
            [
              72.93089369799998,
              19.05857868999999
            ],
            [
              72.93116686899998,
              19.058154589000026
            ],
            [
              72.929902825,
              19.057465089999994
            ],
            [
              72.93007740399997,
              19.057142457999987
            ],
            [
              72.92940096000001,
              19.056836465999993
            ],
            [
              72.930227936,
              19.056698471999994
            ],
            [
              72.93093371399999,
              19.057326869000008
            ],
            [
              72.93192256999998,
              19.058137240000008
            ],
            [
              72.932612576,
              19.058640627999978
            ],
            [
              72.93285811999999,
              19.058779060000006
            ],
            [
              72.93324102899999,
              19.058265388999985
            ],
            [
              72.93305860499999,
              19.057543333000012
            ],
            [
              72.93260349500002,
              19.05705971399999
            ],
            [
              72.93250172500001,
              19.056684973000017
            ],
            [
              72.93255031199999,
              19.056278308000003
            ],
            [
              72.93291554899997,
              19.055998914999975
            ],
            [
              72.93289442700001,
              19.056453972999975
            ],
            [
              72.93285055000001,
              19.056822683000007
            ],
            [
              72.93323454699998,
              19.05732189700001
            ],
            [
              72.933559533,
              19.057681249999973
            ],
            [
              72.93391924399998,
              19.058171972000025
            ],
            [
              72.93419612500003,
              19.058444302999987
            ],
            [
              72.93486387399997,
              19.058690666000018
            ],
            [
              72.93554249200002,
              19.058669771999973
            ],
            [
              72.93559527999997,
              19.058437002000005
            ],
            [
              72.93577234499998,
              19.05826577800002
            ],
            [
              72.93589815799999,
              19.058119454000007
            ],
            [
              72.936278281,
              19.057857671000022
            ],
            [
              72.93618605299997,
              19.057493835999992
            ],
            [
              72.93633335099997,
              19.057464091999975
            ],
            [
              72.93744848699998,
              19.058178837000014
            ],
            [
              72.93778976499999,
              19.05847847000001
            ],
            [
              72.93783368700002,
              19.058768325000017
            ],
            [
              72.93867119200002,
              19.05897029800002
            ],
            [
              72.93894831400002,
              19.058951490000027
            ],
            [
              72.939341125,
              19.058761343000015
            ],
            [
              72.93961243000001,
              19.05793344800003
            ],
            [
              72.939585379,
              19.05752659799998
            ],
            [
              72.93984063599999,
              19.05746118000002
            ],
            [
              72.93983063299999,
              19.05858191499999
            ],
            [
              72.94189116500002,
              19.057480872999975
            ],
            [
              72.94219469799998,
              19.056296357999997
            ],
            [
              72.94146217899998,
              19.05570888699998
            ],
            [
              72.94107811100002,
              19.055719699000008
            ],
            [
              72.94048553699997,
              19.055291753999995
            ],
            [
              72.94035890100002,
              19.05500911500002
            ],
            [
              72.94008350500002,
              19.05482844400001
            ],
            [
              72.94010945500003,
              19.054750566999985
            ],
            [
              72.94031491999999,
              19.05469799399998
            ],
            [
              72.94050897699998,
              19.05466593
            ],
            [
              72.94074177800002,
              19.054656869999974
            ],
            [
              72.94089492400002,
              19.054456847999973
            ],
            [
              72.94111475699998,
              19.054422553999984
            ],
            [
              72.941159401,
              19.05406717699998
            ],
            [
              72.94097894100003,
              19.053963850999992
            ],
            [
              72.94084195900001,
              19.05368648000001
            ],
            [
              72.94092010999998,
              19.053523100999996
            ],
            [
              72.94074797500002,
              19.05345685499998
            ],
            [
              72.93656801999998,
              19.05184141699999
            ],
            [
              72.936891548,
              19.05142734399999
            ],
            [
              72.94364362800002,
              19.053796413999976
            ],
            [
              72.944263068,
              19.054032279000012
            ],
            [
              72.94644887099997,
              19.05482485700003
            ],
            [
              72.95493553099999,
              19.05784195199999
            ],
            [
              72.95727156800001,
              19.05873842699998
            ],
            [
              72.95803656499999,
              19.058835240000008
            ],
            [
              72.95841130100001,
              19.058893418000025
            ],
            [
              72.96028562599997,
              19.059320748999994
            ],
            [
              72.96290886700001,
              19.05990687000002
            ],
            [
              72.97131483700002,
              19.061901824000017
            ],
            [
              72.97802925000002,
              19.063481446000026
            ],
            [
              72.977982843,
              19.063793024000006
            ],
            [
              72.980813533,
              19.064841820000026
            ],
            [
              72.98181831099998,
              19.06532329800001
            ],
            [
              72.982465832,
              19.06595042700002
            ],
            [
              72.98216153800001,
              19.066297381000027
            ],
            [
              72.98303262000002,
              19.067099729000006
            ],
            [
              72.98297319,
              19.067180801999996
            ],
            [
              72.98440333299999,
              19.06842752900002
            ],
            [
              72.98491147499999,
              19.0682779
            ],
            [
              72.985197744,
              19.06859246099998
            ],
            [
              72.98508798199998,
              19.06870060199998
            ],
            [
              72.98498527999999,
              19.06893149000001
            ],
            [
              72.98467517300003,
              19.069089367999993
            ],
            [
              72.98437010999999,
              19.069274698000015
            ],
            [
              72.984125506,
              19.06962504400002
            ],
            [
              72.98426390600002,
              19.069748898
            ],
            [
              72.984157729,
              19.070040431999985
            ],
            [
              72.983974854,
              19.07027907700001
            ],
            [
              72.98390671300001,
              19.07057684099999
            ],
            [
              72.984146678,
              19.070817143
            ],
            [
              72.98415890299998,
              19.071105973999977
            ],
            [
              72.98408816,
              19.07117311899998
            ],
            [
              72.984132999,
              19.071381433
            ],
            [
              72.98425687500003,
              19.071814234999977
            ],
            [
              72.98464420200003,
              19.07556606700001
            ],
            [
              72.98505675400003,
              19.075870253000005
            ],
            [
              72.98637379299998,
              19.076282021999987
            ],
            [
              72.98718195200001,
              19.076218567000012
            ],
            [
              72.98894607300002,
              19.076005828000007
            ],
            [
              72.98994216400001,
              19.077159703000007
            ],
            [
              72.99533331100002,
              19.083402361000026
            ],
            [
              72.99549851799998,
              19.08350400400002
            ],
            [
              72.99672726799997,
              19.08479127800001
            ],
            [
              72.99680639299999,
              19.084861736999983
            ],
            [
              72.99705096500003,
              19.085500724999974
            ],
            [
              72.99717697400001,
              19.085763842999995
            ],
            [
              72.997566958,
              19.08548024999999
            ],
            [
              72.99770250799997,
              19.085446957999977
            ],
            [
              72.99784574,
              19.085516821
            ],
            [
              72.99824723799998,
              19.086011222000025
            ],
            [
              72.99857855800002,
              19.086475912000026
            ],
            [
              72.99882588700001,
              19.08682111799999
            ],
            [
              72.99901766900001,
              19.087073610000004
            ],
            [
              72.99914521,
              19.08724585599998
            ],
            [
              72.99920739800001,
              19.08733331100001
            ],
            [
              72.999982596,
              19.08838457500002
            ],
            [
              73.00016851800001,
              19.08870453999998
            ],
            [
              73.00033675499998,
              19.08912325
            ],
            [
              73.000700672,
              19.08943062999998
            ],
            [
              73.001522792,
              19.090099805000023
            ],
            [
              73.00288375299999,
              19.09133938100001
            ],
            [
              73.00308994,
              19.091521595000017
            ],
            [
              73.00338473800002,
              19.09191771600001
            ],
            [
              73.00413737100001,
              19.09248252399999
            ],
            [
              73.00433627500001,
              19.092531425000004
            ],
            [
              73.00539348900003,
              19.092359734000013
            ],
            [
              73.00563686100003,
              19.09597302399999
            ],
            [
              73.00540323299998,
              19.09734037999999
            ],
            [
              73.004578047,
              19.096990660000017
            ],
            [
              73.00030487499998,
              19.093524659000025
            ],
            [
              72.999548565,
              19.09358059499999
            ],
            [
              72.994880233,
              19.09376867499998
            ],
            [
              72.99425207399997,
              19.094127551999975
            ],
            [
              72.99347858800002,
              19.094644491999986
            ],
            [
              72.99274785900002,
              19.09517982699998
            ],
            [
              72.99273085200002,
              19.095214295000005
            ],
            [
              72.99230979700002,
              19.09566167899999
            ],
            [
              72.99242377500002,
              19.09645046600002
            ],
            [
              72.99276590400001,
              19.096916252000028
            ],
            [
              72.993262786,
              19.097177993999992
            ],
            [
              72.99407261900001,
              19.09719659199999
            ],
            [
              72.99564574499999,
              19.096389412000008
            ],
            [
              72.99626537,
              19.09623505799999
            ],
            [
              72.99633729700003,
              19.096868278999978
            ],
            [
              72.99635496000002,
              19.097231727000008
            ],
            [
              72.996345313,
              19.09763588300001
            ],
            [
              72.99621351399998,
              19.097653627
            ],
            [
              72.99503051300002,
              19.097904293
            ],
            [
              72.995417912,
              19.09920690199999
            ],
            [
              72.99573352800002,
              19.100406435000025
            ],
            [
              72.99654645999999,
              19.10370270200002
            ],
            [
              72.99655965,
              19.103752892999978
            ],
            [
              72.99680528300001,
              19.104712274000008
            ],
            [
              72.99687336699998,
              19.106600732999993
            ],
            [
              72.996995298,
              19.10685395600001
            ],
            [
              72.99747562300001,
              19.108131612000022
            ],
            [
              72.99790335400002,
              19.109568989000024
            ],
            [
              73.001279324,
              19.110529341000017
            ],
            [
              73.00074992200001,
              19.112451306000025
            ],
            [
              72.998116332,
              19.113648034999983
            ],
            [
              72.99773851200001,
              19.113848700000005
            ],
            [
              72.99531982600001,
              19.115061185000002
            ],
            [
              72.99407048500001,
              19.115696196999977
            ],
            [
              72.99283401000002,
              19.116852272000017
            ],
            [
              72.99163349399998,
              19.116540308000026
            ],
            [
              72.99156327499998,
              19.11597364900001
            ],
            [
              72.99117633999998,
              19.115320208000014
            ],
            [
              72.99067696999998,
              19.114735488000008
            ],
            [
              72.99060510200002,
              19.114684022999995
            ],
            [
              72.990268174,
              19.114559362000023
            ],
            [
              72.98997636500002,
              19.114514427000017
            ],
            [
              72.98979038800002,
              19.114520031999973
            ],
            [
              72.98932771800003,
              19.11462715800002
            ],
            [
              72.98900474099997,
              19.11470129700001
            ],
            [
              72.988770623,
              19.114780273999997
            ],
            [
              72.988554814,
              19.11502100199999
            ],
            [
              72.98843490899998,
              19.11529963999999
            ],
            [
              72.988418808,
              19.11559926000001
            ],
            [
              72.989010027,
              19.117126633999987
            ],
            [
              72.98893644399999,
              19.118768698999986
            ],
            [
              72.98870595599999,
              19.119120667000004
            ],
            [
              72.98854532399997,
              19.119325968999988
            ],
            [
              72.988247774,
              19.11963238300001
            ],
            [
              72.98770501199999,
              19.119371807999983
            ],
            [
              72.987296845,
              19.119161829999996
            ],
            [
              72.986939973,
              19.119063519000008
            ],
            [
              72.98671357500001,
              19.119192236000004
            ],
            [
              72.98665155499998,
              19.11941436799998
            ],
            [
              72.98667024000002,
              19.119630057999984
            ],
            [
              72.98695571899998,
              19.120010948000015
            ],
            [
              72.98723786300002,
              19.120493092999993
            ],
            [
              72.98718973500002,
              19.120626214000026
            ],
            [
              72.98711369400002,
              19.120941619999996
            ],
            [
              72.98695633800003,
              19.12146078500001
            ],
            [
              72.98677875999999,
              19.12211530799999
            ],
            [
              72.98680610999997,
              19.122262859999978
            ],
            [
              72.98689601500001,
              19.122613414
            ],
            [
              72.98694194699999,
              19.122792016000005
            ],
            [
              72.98698630400003,
              19.12299932799999
            ],
            [
              72.987471443,
              19.12392303500002
            ],
            [
              72.98761118700003,
              19.124259929999994
            ],
            [
              72.98768749499999,
              19.124448669999992
            ],
            [
              72.987746158,
              19.12466763499998
            ],
            [
              72.98806277099999,
              19.12554693499999
            ],
            [
              72.98826439800001,
              19.126161605999982
            ],
            [
              72.98846493000002,
              19.126605046999998
            ],
            [
              72.98860863099998,
              19.126865526000017
            ],
            [
              72.98862127899997,
              19.126973306000025
            ],
            [
              72.98868907600001,
              19.127050225000005
            ],
            [
              72.98880139900001,
              19.12758832100002
            ],
            [
              72.98927577699999,
              19.127830241000026
            ],
            [
              72.99001256999998,
              19.128028959999995
            ],
            [
              72.991648349,
              19.128475020999986
            ],
            [
              72.992057176,
              19.128353994999998
            ],
            [
              72.99263595399998,
              19.127959361000023
            ],
            [
              72.99299839600002,
              19.12788671200002
            ],
            [
              72.99349304399999,
              19.127848304999986
            ],
            [
              72.99405295100001,
              19.128243915999974
            ],
            [
              72.994087095,
              19.128383268999983
            ],
            [
              72.99360171900003,
              19.13005692500002
            ],
            [
              72.99348400999997,
              19.130139093000025
            ],
            [
              72.99347486699997,
              19.130499633
            ],
            [
              72.99318311600001,
              19.130525716000022
            ],
            [
              72.99301266999998,
              19.131289854999977
            ],
            [
              72.99271466800002,
              19.131531574000007
            ],
            [
              72.99241062200002,
              19.131857863999983
            ],
            [
              72.99237955000001,
              19.132068754999978
            ],
            [
              72.99249496099998,
              19.132549073999996
            ],
            [
              72.99271295300002,
              19.133011024999973
            ],
            [
              72.993138983,
              19.133163862999993
            ],
            [
              72.99328378299998,
              19.133212515000025
            ],
            [
              72.99365911699999,
              19.133183963000022
            ],
            [
              72.99372878899999,
              19.133533751000016
            ],
            [
              72.99383484100002,
              19.134348457999977
            ],
            [
              72.99420060199998,
              19.13437804099999
            ],
            [
              72.99457035199998,
              19.134571345999973
            ],
            [
              72.99560748699997,
              19.134341248999988
            ],
            [
              72.99597624299997,
              19.134451114
            ],
            [
              72.99624186400001,
              19.135139003999996
            ],
            [
              72.99624419399998,
              19.135544045000017
            ],
            [
              72.99630156400002,
              19.13577843500002
            ],
            [
              72.99617395799999,
              19.136058391000006
            ],
            [
              72.99606548999998,
              19.136452194000015
            ],
            [
              72.99595161600001,
              19.136996759999988
            ],
            [
              72.99595318000001,
              19.138219952999975
            ],
            [
              72.99586772100002,
              19.141924828000015
            ],
            [
              72.99266707700002,
              19.141667868000013
            ],
            [
              72.99218444299999,
              19.141450764000012
            ],
            [
              72.99074777200002,
              19.141731240000013
            ],
            [
              72.99005017600001,
              19.142073230999983
            ],
            [
              72.989727372,
              19.14222657800002
            ],
            [
              72.98932772400002,
              19.142404137000028
            ],
            [
              72.98908698000002,
              19.142556113000012
            ],
            [
              72.98866760099997,
              19.142744618999984
            ],
            [
              72.98806863700003,
              19.142503708999982
            ],
            [
              72.98698983700001,
              19.139333928999974
            ],
            [
              72.98672654199999,
              19.138128377999976
            ],
            [
              72.9866738,
              19.137827722999987
            ],
            [
              72.98656916200002,
              19.137437422000005
            ],
            [
              72.98634056100002,
              19.137099358
            ],
            [
              72.98596726,
              19.136343738999983
            ],
            [
              72.98568047200001,
              19.136075204000008
            ],
            [
              72.98510963500001,
              19.136021242000027
            ],
            [
              72.984717031,
              19.136302437999973
            ],
            [
              72.98423514400002,
              19.137194529999988
            ],
            [
              72.98395459699998,
              19.137219018999986
            ],
            [
              72.983768161,
              19.137680400000022
            ],
            [
              72.98379724099999,
              19.138083418000008
            ],
            [
              72.98383881400002,
              19.139125963000026
            ],
            [
              72.98374585099998,
              19.139739813000006
            ],
            [
              72.98365397999999,
              19.14032441500001
            ],
            [
              72.98434882599997,
              19.14228703399999
            ],
            [
              72.984647634,
              19.14409713499998
            ],
            [
              72.98474136700003,
              19.14467681000002
            ],
            [
              72.98559221099998,
              19.145911529999978
            ],
            [
              72.98702123599998,
              19.14805365000001
            ],
            [
              72.98699205999998,
              19.148283730000003
            ],
            [
              72.98698855399999,
              19.14861637299998
            ],
            [
              72.98702114399998,
              19.14909029400002
            ],
            [
              72.98685798700001,
              19.148977677000005
            ],
            [
              72.98668083500002,
              19.148644482999998
            ],
            [
              72.98645549499997,
              19.14813571899998
            ],
            [
              72.985917728,
              19.148044905000006
            ],
            [
              72.985522667,
              19.147914026000024
            ],
            [
              72.98548998000001,
              19.147768541999994
            ],
            [
              72.985307363,
              19.147682438000004
            ],
            [
              72.985197959,
              19.147604736000005
            ],
            [
              72.98504731399998,
              19.147732683000015
            ],
            [
              72.98497085499997,
              19.147842202999982
            ],
            [
              72.985326907,
              19.149695232
            ],
            [
              72.98426275100002,
              19.149903559999984
            ],
            [
              72.98425075099999,
              19.149971447999974
            ],
            [
              72.98429861099999,
              19.150218712000026
            ],
            [
              72.98431791000002,
              19.150480019999975
            ],
            [
              72.98617736699998,
              19.150163830999986
            ],
            [
              72.986364664,
              19.150643777000028
            ],
            [
              72.986636439,
              19.150748405
            ],
            [
              72.98601320799997,
              19.151809786
            ],
            [
              72.98571277799999,
              19.152277787000003
            ],
            [
              72.98547926600003,
              19.15257064299999
            ],
            [
              72.98525823300002,
              19.15296961400003
            ],
            [
              72.98514564499999,
              19.153168419999986
            ],
            [
              72.98492368500001,
              19.15366524799998
            ],
            [
              72.985167268,
              19.153811460999975
            ],
            [
              72.98731655900002,
              19.155032687000016
            ],
            [
              72.989451718,
              19.151723715000003
            ],
            [
              72.989575129,
              19.151657313999976
            ],
            [
              72.99108512700002,
              19.151668164
            ],
            [
              72.99185269700001,
              19.151637343000004
            ],
            [
              72.99279273000002,
              19.15158385699999
            ],
            [
              72.99282588800003,
              19.151929879000022
            ],
            [
              72.992930414,
              19.153842810000015
            ],
            [
              72.99085085799999,
              19.153971421999984
            ],
            [
              72.989805053,
              19.154266494000012
            ],
            [
              72.98971920700001,
              19.15539009700001
            ],
            [
              72.99032602699998,
              19.15568338899999
            ],
            [
              72.99309579499999,
              19.15546869999997
            ],
            [
              72.99317227199998,
              19.156401621999976
            ],
            [
              72.99309357300001,
              19.156730478999975
            ],
            [
              72.99286080600001,
              19.156656766000026
            ],
            [
              72.99247721,
              19.156610160000014
            ],
            [
              72.99225969399998,
              19.156579824999994
            ],
            [
              72.99219416400001,
              19.15652643599998
            ],
            [
              72.99202003200003,
              19.156519332000016
            ],
            [
              72.99190721600002,
              19.15653695399999
            ],
            [
              72.99184764300003,
              19.15654047800001
            ],
            [
              72.99167440299999,
              19.156630241000016
            ],
            [
              72.99170878000001,
              19.157242295999993
            ],
            [
              72.99221053299999,
              19.157733147999977
            ],
            [
              72.99224920199998,
              19.15777787600001
            ],
            [
              72.99057233500002,
              19.159070258999975
            ],
            [
              72.989722368,
              19.15985503500002
            ],
            [
              72.98920905,
              19.160508212000025
            ],
            [
              72.98893066099998,
              19.161407267000016
            ],
            [
              72.989006056,
              19.163261793999993
            ],
            [
              72.98911439400001,
              19.165838271999974
            ],
            [
              72.98921819200001,
              19.166140266000014
            ],
            [
              72.99028184899998,
              19.167217327999992
            ],
            [
              72.990784459,
              19.16762761199999
            ],
            [
              72.99105929400002,
              19.167992077999997
            ],
            [
              72.99104528700002,
              19.169393991999982
            ],
            [
              72.99100964000002,
              19.170888987000012
            ],
            [
              72.989702077,
              19.170834141
            ],
            [
              72.98919984499997,
              19.17073839400001
            ],
            [
              72.986529711,
              19.170198835999997
            ],
            [
              72.986315892,
              19.170232503000022
            ],
            [
              72.98591765600003,
              19.17022447300002
            ],
            [
              72.98537565100003,
              19.170191993999993
            ],
            [
              72.98511895399997,
              19.170251614999984
            ],
            [
              72.98504287899999,
              19.170308042999977
            ],
            [
              72.98489392699997,
              19.17052550400001
            ],
            [
              72.98478215699998,
              19.17112832800001
            ],
            [
              72.98452910499998,
              19.171550384
            ],
            [
              72.98444095000002,
              19.172045105999985
            ],
            [
              72.98479494399999,
              19.173183429000005
            ],
            [
              72.98514748899998,
              19.173582452999995
            ],
            [
              72.98537638599998,
              19.173956615999998
            ],
            [
              72.98544069600001,
              19.174095522000016
            ],
            [
              72.985625416,
              19.174101682000014
            ],
            [
              72.98627232899997,
              19.174125172999993
            ],
            [
              72.98650196699998,
              19.174182368000004
            ],
            [
              72.98654104500002,
              19.174506783000027
            ],
            [
              72.98609061799999,
              19.174525829999993
            ],
            [
              72.98584475799998,
              19.174631680999994
            ],
            [
              72.98557548399998,
              19.174569958000006
            ],
            [
              72.98553714600001,
              19.17467743499998
            ],
            [
              72.98545568899999,
              19.17484377599999
            ],
            [
              72.98556278199999,
              19.17489956899999
            ],
            [
              72.98546849799999,
              19.175041846
            ],
            [
              72.985524097,
              19.175196359999973
            ],
            [
              72.98553782300002,
              19.17532830800002
            ],
            [
              72.985582841,
              19.17542156899998
            ],
            [
              72.985435371,
              19.17560519099999
            ],
            [
              72.98546540000001,
              19.175788436000005
            ],
            [
              72.985853599,
              19.176628090999998
            ],
            [
              72.985971393,
              19.17670597900002
            ],
            [
              72.98609078200002,
              19.17667059500002
            ],
            [
              72.986160719,
              19.17669585599998
            ],
            [
              72.98619787799998,
              19.176778039
            ],
            [
              72.98647146000002,
              19.176982103
            ],
            [
              72.98660714300001,
              19.177288562
            ],
            [
              72.98674201099999,
              19.177510305999988
            ],
            [
              72.98706617200003,
              19.177993375000028
            ],
            [
              72.987245374,
              19.178529224999977
            ],
            [
              72.98724048000003,
              19.178779244999987
            ],
            [
              72.98762444300002,
              19.17900960999998
            ],
            [
              72.98783777,
              19.179120609999984
            ],
            [
              72.98781887199999,
              19.17930658199998
            ],
            [
              72.98733552200002,
              19.17907468300001
            ],
            [
              72.98720114399998,
              19.179127112000003
            ],
            [
              72.98735482500001,
              19.179206399999998
            ],
            [
              72.987443724,
              19.179239656999982
            ],
            [
              72.98740447,
              19.179333429999986
            ],
            [
              72.98717159199998,
              19.179340140000022
            ],
            [
              72.98710091499998,
              19.179975947000003
            ],
            [
              72.98710138899997,
              19.180459397999982
            ],
            [
              72.98727710499998,
              19.180897274000017
            ],
            [
              72.987485311,
              19.180999512000028
            ],
            [
              72.987672895,
              19.18111678600002
            ],
            [
              72.987678206,
              19.181121760999986
            ],
            [
              72.98769570000002,
              19.181187109999996
            ],
            [
              72.987698298,
              19.181305856999984
            ],
            [
              72.98762012899999,
              19.181500195000012
            ],
            [
              72.98764145799998,
              19.18158156999999
            ],
            [
              72.98774142299999,
              19.181638787999987
            ],
            [
              72.987776177,
              19.181653235
            ],
            [
              72.987804638,
              19.18175595500003
            ],
            [
              72.987810556,
              19.181761912000013
            ],
            [
              72.987938257,
              19.18218069599999
            ],
            [
              72.98796170399999,
              19.18226443499998
            ],
            [
              72.98806291400001,
              19.18221907200001
            ],
            [
              72.98811462200001,
              19.182307864999984
            ],
            [
              72.988138279,
              19.182558191
            ],
            [
              72.98806380799999,
              19.182572005999987
            ],
            [
              72.988065044,
              19.182653254
            ],
            [
              72.98807824599999,
              19.18270174700001
            ],
            [
              72.988226499,
              19.182750913000007
            ],
            [
              72.98849416500002,
              19.18283335900003
            ],
            [
              72.98855628299998,
              19.182812594999973
            ],
            [
              72.98857422200001,
              19.182890351000026
            ],
            [
              72.988596557,
              19.18307934500001
            ],
            [
              72.988518505,
              19.183124059000022
            ],
            [
              72.98841825300002,
              19.183117618999972
            ],
            [
              72.98837664799998,
              19.183136908999984
            ],
            [
              72.98830436399999,
              19.18338651900001
            ],
            [
              72.98835688700001,
              19.183445369000026
            ],
            [
              72.988375195,
              19.183424506999984
            ],
            [
              72.988415998,
              19.18346285299998
            ],
            [
              72.98837794600001,
              19.183533219000026
            ],
            [
              72.988374851,
              19.183713563000026
            ],
            [
              72.98844537999997,
              19.18373582700002
            ],
            [
              72.98838874900002,
              19.183876293000026
            ],
            [
              72.98834732900002,
              19.184017848999986
            ],
            [
              72.98823670600001,
              19.184041322999974
            ],
            [
              72.988228854,
              19.184050157
            ],
            [
              72.98818595,
              19.184157362000008
            ],
            [
              72.98807717400001,
              19.184353527999974
            ],
            [
              72.98795965099998,
              19.184322682000015
            ],
            [
              72.987870235,
              19.184498734999977
            ],
            [
              72.987655829,
              19.184536372000025
            ],
            [
              72.98781511200002,
              19.18528912900001
            ],
            [
              72.98726018399998,
              19.185329008999986
            ],
            [
              72.98721605200001,
              19.18539937700001
            ],
            [
              72.98740619699998,
              19.185526138
            ],
            [
              72.98743430100001,
              19.185751407999987
            ],
            [
              72.98721170599998,
              19.185703305000004
            ],
            [
              72.98715286100003,
              19.18556410100001
            ],
            [
              72.98682033400002,
              19.186261342000023
            ],
            [
              72.98644525100002,
              19.188104053000018
            ],
            [
              72.985998263,
              19.188833154999998
            ],
            [
              72.98466434400001,
              19.18846402600002
            ],
            [
              72.98123557299999,
              19.187530458000026
            ],
            [
              72.98100367199999,
              19.187472843000023
            ],
            [
              72.98102515,
              19.187212896999995
            ],
            [
              72.98090127500001,
              19.187073854000005
            ],
            [
              72.98096445700003,
              19.186178008000013
            ],
            [
              72.98093022299997,
              19.185963389999984
            ],
            [
              72.98106551900003,
              19.185726875
            ],
            [
              72.98113555200001,
              19.185046913999997
            ],
            [
              72.98099707900002,
              19.184984892999978
            ],
            [
              72.980907527,
              19.184633691999977
            ],
            [
              72.98096935799998,
              19.18424140899998
            ],
            [
              72.98119078000002,
              19.18428387099999
            ],
            [
              72.98124035199999,
              19.184143716999984
            ],
            [
              72.98111706100002,
              19.184100503000025
            ],
            [
              72.981524471,
              19.183613691000005
            ],
            [
              72.98193049600002,
              19.18322827899999
            ],
            [
              72.98251405500002,
              19.182693109000013
            ],
            [
              72.982578923,
              19.182637381999996
            ],
            [
              72.98273904500002,
              19.18223689199999
            ],
            [
              72.98264482100001,
              19.18202463199998
            ],
            [
              72.98238501100002,
              19.18165210699999
            ],
            [
              72.982221622,
              19.181350212999973
            ],
            [
              72.98183960099999,
              19.181500253000024
            ],
            [
              72.98176445500002,
              19.18141079999998
            ],
            [
              72.98157938899999,
              19.181474089000005
            ],
            [
              72.981316553,
              19.18155252600002
            ],
            [
              72.98122477700002,
              19.181132418999994
            ],
            [
              72.98043638399997,
              19.18128860500002
            ],
            [
              72.98036187600002,
              19.181046400000014
            ],
            [
              72.98115501699999,
              19.18083397700002
            ],
            [
              72.98102349700002,
              19.180338010000014
            ],
            [
              72.98111963500003,
              19.18003229599998
            ],
            [
              72.98097471699998,
              19.179385007000008
            ],
            [
              72.980916562,
              19.179158013999995
            ],
            [
              72.97924147499998,
              19.179437149000023
            ],
            [
              72.97939250500002,
              19.18043267600001
            ],
            [
              72.97654083700002,
              19.181013439000026
            ],
            [
              72.97556459600003,
              19.180223751000028
            ],
            [
              72.97493166800001,
              19.178928396999993
            ],
            [
              72.97447954400002,
              19.177701866000007
            ],
            [
              72.97387847200002,
              19.176494419999983
            ],
            [
              72.97608897100002,
              19.173600412999974
            ],
            [
              72.97540712699998,
              19.17321543700001
            ],
            [
              72.97590319699998,
              19.172638139000014
            ],
            [
              72.975794565,
              19.172143886000015
            ],
            [
              72.97606692699998,
              19.17169521400001
            ],
            [
              72.976156705,
              19.171366630000023
            ],
            [
              72.97603985,
              19.17104804799999
            ],
            [
              72.97583734300002,
              19.170702026000015
            ],
            [
              72.97608920800002,
              19.17011157600001
            ],
            [
              72.97588632399999,
              19.170043356000008
            ],
            [
              72.975619629,
              19.169952130000013
            ],
            [
              72.97545273100002,
              19.169565707999993
            ],
            [
              72.97528025399998,
              19.169383132999997
            ],
            [
              72.97507262300002,
              19.169249791000027
            ],
            [
              72.97493629600001,
              19.169165267999972
            ],
            [
              72.97490948199999,
              19.168970521000006
            ],
            [
              72.97469703000002,
              19.16867509399998
            ],
            [
              72.97442948700001,
              19.168432578000022
            ],
            [
              72.97408695399997,
              19.168397314999993
            ],
            [
              72.973997666,
              19.16859088299998
            ],
            [
              72.97389667300001,
              19.16877221499999
            ],
            [
              72.97372075999999,
              19.16896699199998
            ],
            [
              72.973425169,
              19.169180290999975
            ],
            [
              72.97315031400001,
              19.169285721999984
            ],
            [
              72.973049828,
              19.169208592000018
            ],
            [
              72.97226014,
              19.16969538500001
            ],
            [
              72.97210251199999,
              19.169787628999984
            ],
            [
              72.97194888500002,
              19.16998063599999
            ],
            [
              72.97181110999998,
              19.17008163899999
            ],
            [
              72.97169180700001,
              19.17016075800001
            ],
            [
              72.97161666300002,
              19.170398929999976
            ],
            [
              72.97178042399997,
              19.170565724000028
            ],
            [
              72.97175814000002,
              19.170716391999974
            ],
            [
              72.97170598000002,
              19.170922501000007
            ],
            [
              72.97146694000003,
              19.17100674599999
            ],
            [
              72.97138775299999,
              19.170731697999997
            ],
            [
              72.97132796300002,
              19.170345863000023
            ],
            [
              72.97085345900001,
              19.17041369200001
            ],
            [
              72.97046181899998,
              19.170447912999975
            ],
            [
              72.96976075100002,
              19.170860629000003
            ],
            [
              72.96899417700001,
              19.171277022000027
            ],
            [
              72.96870621300002,
              19.171012840000003
            ],
            [
              72.968477404,
              19.170546881000007
            ],
            [
              72.968475232,
              19.170218121999994
            ],
            [
              72.96828937800001,
              19.170147767000003
            ],
            [
              72.96796067100001,
              19.170395196000015
            ],
            [
              72.96778089200001,
              19.170135877000007
            ],
            [
              72.96801365800002,
              19.169859771000006
            ],
            [
              72.96810698799999,
              19.16969844800002
            ],
            [
              72.96825123600001,
              19.169703739
            ],
            [
              72.96841848000003,
              19.169731593999984
            ],
            [
              72.96856538999998,
              19.169847845999982
            ],
            [
              72.96866138600001,
              19.169951635000018
            ],
            [
              72.968728064,
              19.170086126
            ],
            [
              72.96877804899998,
              19.17044174
            ],
            [
              72.96889305100001,
              19.170724527999994
            ],
            [
              72.969115396,
              19.170865660000004
            ],
            [
              72.96952835299999,
              19.170669870999973
            ],
            [
              72.96988305500003,
              19.170294628000022
            ],
            [
              72.970256141,
              19.170161172999997
            ],
            [
              72.97084074399999,
              19.170105078000006
            ],
            [
              72.97132806600001,
              19.17003812500002
            ],
            [
              72.971814123,
              19.169539987000007
            ],
            [
              72.97219887199998,
              19.169073172000026
            ],
            [
              72.97287603299998,
              19.168810269000005
            ],
            [
              72.973152492,
              19.168679313999974
            ],
            [
              72.97314872800001,
              19.16842594100001
            ],
            [
              72.97306873600002,
              19.168307847999984
            ],
            [
              72.97265094400001,
              19.168139191000023
            ],
            [
              72.971564736,
              19.167731281999977
            ],
            [
              72.97136750599998,
              19.167492161999974
            ],
            [
              72.97100969899998,
              19.167052203000026
            ],
            [
              72.97078302199998,
              19.16698781399998
            ],
            [
              72.97058647400002,
              19.167028402000028
            ],
            [
              72.97051987999998,
              19.167346072999976
            ],
            [
              72.97065120500002,
              19.167709306000006
            ],
            [
              72.969936007,
              19.16782021900002
            ],
            [
              72.96908872900002,
              19.166978409000023
            ],
            [
              72.967248214,
              19.165313330999993
            ],
            [
              72.96545136399999,
              19.163967956000022
            ],
            [
              72.96545633699998,
              19.16383602899998
            ],
            [
              72.965167667,
              19.163806744
            ],
            [
              72.96479270399999,
              19.163894298000002
            ],
            [
              72.96455355699999,
              19.16401689899999
            ],
            [
              72.96425055100002,
              19.16346170999998
            ],
            [
              72.96386330500002,
              19.16326571000002
            ],
            [
              72.96335498000002,
              19.162868659000026
            ],
            [
              72.96279479200001,
              19.162722906
            ],
            [
              72.96295660999999,
              19.162531166999997
            ],
            [
              72.9627092,
              19.162129977000006
            ],
            [
              72.96242830400001,
              19.162262263000002
            ],
            [
              72.96204970100001,
              19.16173134799999
            ],
            [
              72.96104463900002,
              19.160307493000005
            ],
            [
              72.95987789200001,
              19.15858584099999
            ],
            [
              72.95905819500001,
              19.15737931199999
            ],
            [
              72.95818720800003,
              19.15609092400001
            ],
            [
              72.95738213599998,
              19.154901036000012
            ],
            [
              72.95666451400001,
              19.15379738500002
            ],
            [
              72.95570269900003,
              19.152387723000004
            ],
            [
              72.95527450399999,
              19.151737834000016
            ],
            [
              72.95538709700003,
              19.15153882200002
            ],
            [
              72.95587611500002,
              19.151137170000027
            ],
            [
              72.95712724200001,
              19.150877569999977
            ],
            [
              72.95888220299997,
              19.150623169000028
            ],
            [
              72.96028563700003,
              19.14984917700002
            ],
            [
              72.961876496,
              19.14886919899999
            ],
            [
              72.962097126,
              19.148882161000017
            ],
            [
              72.96270953099997,
              19.148630938999986
            ],
            [
              72.96286838100002,
              19.14856550899998
            ],
            [
              72.96286616700002,
              19.147455637999997
            ],
            [
              72.96282593799998,
              19.14610339699999
            ],
            [
              72.96440927600003,
              19.146349741999984
            ],
            [
              72.96458378800003,
              19.145390571000007
            ],
            [
              72.96335128200002,
              19.145187834000012
            ],
            [
              72.96307901199998,
              19.145148371000005
            ],
            [
              72.96307476200002,
              19.14496180200001
            ],
            [
              72.96301966800002,
              19.144904541000017
            ],
            [
              72.96307513300002,
              19.14487829000001
            ],
            [
              72.963306966,
              19.144858242999987
            ],
            [
              72.96343738500002,
              19.144746225999995
            ],
            [
              72.96354304300002,
              19.144468851
            ],
            [
              72.96420068600003,
              19.142584183999986
            ],
            [
              72.95801912600001,
              19.140217197000027
            ],
            [
              72.957964253,
              19.140350924000018
            ],
            [
              72.95753212599999,
              19.141338906999977
            ],
            [
              72.95712805199997,
              19.14230573100002
            ],
            [
              72.95833390299998,
              19.142829871000004
            ],
            [
              72.96053423400002,
              19.143675218999988
            ],
            [
              72.96049676500002,
              19.144230623999988
            ],
            [
              72.960504136,
              19.145061226999985
            ],
            [
              72.96176793299998,
              19.14535344699999
            ],
            [
              72.96270516599998,
              19.14631663199998
            ],
            [
              72.962743445,
              19.148470104000012
            ],
            [
              72.96210919399999,
              19.148749543000008
            ],
            [
              72.96192701799998,
              19.148749613000007
            ],
            [
              72.95894395699997,
              19.150465026000006
            ],
            [
              72.957082791,
              19.150820738999982
            ],
            [
              72.95569474199999,
              19.151122187999988
            ],
            [
              72.95510528900002,
              19.151428064000015
            ],
            [
              72.951872461,
              19.146290658999987
            ],
            [
              72.94829895800001,
              19.140458281000008
            ],
            [
              72.94660476899998,
              19.137676435000003
            ],
            [
              72.94328298099998,
              19.132432116000018
            ],
            [
              72.94322534600002,
              19.12974892599999
            ],
            [
              72.94333269499998,
              19.12807299399998
            ],
            [
              72.94440028600002,
              19.12819620900001
            ],
            [
              72.94999687199999,
              19.127808811000023
            ],
            [
              72.95154292799998,
              19.127533271000004
            ],
            [
              72.953903809,
              19.127011779999975
            ],
            [
              72.955828333,
              19.12683871600001
            ],
            [
              72.95616026800002,
              19.125728588000015
            ],
            [
              72.95726909400003,
              19.124916293000013
            ],
            [
              72.95710181300001,
              19.123612665999985
            ],
            [
              72.95636065600002,
              19.123148662999995
            ],
            [
              72.95598297999999,
              19.12248518199999
            ],
            [
              72.95568904100003,
              19.121948512000017
            ],
            [
              72.95557865299998,
              19.12045292800002
            ],
            [
              72.95203659499998,
              19.12038054599998
            ],
            [
              72.95156845399998,
              19.120514066999988
            ],
            [
              72.943871973,
              19.120179902000018
            ],
            [
              72.94351734899999,
              19.120251499999995
            ],
            [
              72.943422892,
              19.120311388000005
            ],
            [
              72.94274239800001,
              19.12248368500002
            ],
            [
              72.941853498,
              19.125747819000026
            ],
            [
              72.94113437700003,
              19.126496318000022
            ],
            [
              72.940783571,
              19.127070202000027
            ],
            [
              72.940576281,
              19.127534294999975
            ],
            [
              72.94044721099999,
              19.127524543999982
            ],
            [
              72.93807312899997,
              19.12212183700001
            ],
            [
              72.93838702,
              19.122231178999982
            ],
            [
              72.93855273999998,
              19.122503144999996
            ],
            [
              72.93900223100002,
              19.122765630999993
            ],
            [
              72.94067932899998,
              19.123513048000007
            ],
            [
              72.94164889400002,
              19.123154172
            ],
            [
              72.94187982800003,
              19.122484973999974
            ],
            [
              72.94208110099999,
              19.122281918999988
            ],
            [
              72.94209744400001,
              19.12146276200002
            ],
            [
              72.941974534,
              19.12131169600002
            ],
            [
              72.94195213799998,
              19.120745528999976
            ],
            [
              72.942125798,
              19.120674726000004
            ],
            [
              72.942259912,
              19.119434419000015
            ],
            [
              72.94208640300002,
              19.119309938000015
            ],
            [
              72.94214769799999,
              19.11891727400001
            ],
            [
              72.94224802000002,
              19.118862702
            ],
            [
              72.942274473,
              19.11875501200001
            ],
            [
              72.94236756800001,
              19.118707127999983
            ],
            [
              72.94264188099999,
              19.117622494999978
            ],
            [
              72.94284274699999,
              19.117316429000027
            ],
            [
              72.94280460300001,
              19.117133582000008
            ],
            [
              72.94290564699998,
              19.116801527000007
            ],
            [
              72.943103248,
              19.116723836999995
            ],
            [
              72.94301679699998,
              19.11631842700001
            ],
            [
              72.941988084,
              19.116377664000026
            ],
            [
              72.94189927100001,
              19.11606094299998
            ],
            [
              72.941702927,
              19.116061006999985
            ],
            [
              72.94165999500001,
              19.115526511999974
            ],
            [
              72.94153211000003,
              19.115330246999974
            ],
            [
              72.94149640500001,
              19.115043866000008
            ],
            [
              72.941657696,
              19.114924427999995
            ],
            [
              72.94153617900002,
              19.114598865000005
            ],
            [
              72.940911497,
              19.114282349000007
            ],
            [
              72.94049720200002,
              19.113990419999993
            ],
            [
              72.939962578,
              19.113911503999987
            ],
            [
              72.93956956,
              19.113867157000016
            ],
            [
              72.93896133800001,
              19.11372965100003
            ],
            [
              72.938537801,
              19.113661035000007
            ],
            [
              72.93795291999999,
              19.113577847999977
            ],
            [
              72.93755235100002,
              19.113499745000013
            ],
            [
              72.93755126399998,
              19.113397596000027
            ],
            [
              72.937961557,
              19.11334057900001
            ],
            [
              72.93962145199998,
              19.113500269999975
            ],
            [
              72.939821811,
              19.113471096000012
            ],
            [
              72.940617976,
              19.113722549999977
            ],
            [
              72.94077256700001,
              19.113677247
            ],
            [
              72.94078445600002,
              19.113369266000007
            ],
            [
              72.940995364,
              19.113092349999988
            ],
            [
              72.94115599100002,
              19.112687876999985
            ],
            [
              72.94088928999997,
              19.11142317399998
            ],
            [
              72.93876652099999,
              19.10690457300001
            ],
            [
              72.93674772499998,
              19.107557634999978
            ],
            [
              72.93476740099999,
              19.108138304000022
            ],
            [
              72.93415261000001,
              19.10689742599999
            ],
            [
              72.93391733099998,
              19.105041011000026
            ],
            [
              72.934183098,
              19.104249539000023
            ],
            [
              72.93392809300002,
              19.103551020999987
            ],
            [
              72.933660353,
              19.102430726000023
            ],
            [
              72.933412251,
              19.102128092999976
            ],
            [
              72.93290505099998,
              19.102063473999976
            ],
            [
              72.93235241899998,
              19.102194336000025
            ],
            [
              72.93164131100002,
              19.102264140999978
            ],
            [
              72.93124037500002,
              19.10207052300001
            ],
            [
              72.93069734,
              19.102208254999994
            ],
            [
              72.93006842900002,
              19.10237527700002
            ],
            [
              72.92913532900002,
              19.099990327
            ],
            [
              72.927353606,
              19.095570742999996
            ]
          ]
        ]
      },
      "properties": {
        "objectid": 1252565,
        "site_id": 555795371,
        "site_pid": "555795371",
        "site_type": "PA",
        "name_eng": "Thane Creek",
        "name": "Thane Creek",
        "desig": "Wetland of International Importance (Ramsar Site)",
        "desig_eng": "Wetland of International Importance (Ramsar Site)",
        "desig_type": "International",
        "iucn_cat": "Not Reported",
        "int_crit": "(i);(ii);(iii);(iv);(v);(vi);(vii);(viii)",
        "realm": "Coastal",
        "rep_m_area": 0,
        "gis_m_area": 19.11880521,
        "rep_area": 65.2108,
        "gis_area": 65.69008772,
        "no_take": "Not Reported",
        "no_tk_area": 0,
        "status": "Designated",
        "status_yr": 2022,
        "gov_type": "Not Reported",
        "verif": "State Verified",
        "inlnd_wtrs": "Not Reported",
        "own_type": "Joint ownership",
        "mang_auth": "Mangrove Cell of Forest Department of Maharashtra",
        "mang_plan": "Site management information available at: https://rsis.ramsar.org/ris/2490",
        "cons_obj": "Not Applicable",
        "supp_info": "More information available at: https://rsis.ramsar.org/ris/2490",
        "metadataid": 2123,
        "prnt_iso3": "IND",
        "iso3": "IND",
        "govsubtype": "Not Applicable",
        "ownsubtype": "Not Reported",
        "oecm_asmt": "Not Applicable",
        "st_area(shape)": 0.005639825530303602,
        "st_length(shape)": 0.701187069839999
      }
    }
  ]
}